Date,Day,Meal_type,People_served,Rice_kg,Dal_kg,Roti_count,Number_of_veg,Main_veg_kg,Main_nonveg_kg,Meal_category,Total_Waste_kg,Special_event,Students_enrolled,Attendance_percent,Nonveg_items,Menu_count,Previous_day_leftover_kg
01-01-2025,Wednesday,Lunch,470,50,53,1395,1,42.5,37.5,Mixed,21.2546,Yes,500,94,1,2,0
01-01-2025,Wednesday,Dinner,470,50,53,1395,1,39,37.5,Mixed,21.2546,Yes,500,94,1,2,21.2546
02-01-2025,Thursday,Lunch,450,46.5,50,1365,2,75,0,Veg,0.8665,No,500,90,0,2,21.2546
02-01-2025,Thursday,Dinner,450,46.5,50,1365,1,46.5,0,Veg,0.8665,No,500,90,0,1,0.8665
03-01-2025,Friday,Lunch,400,30,40,1100,1,57,32.5,Mixed,16.0221,No,500,80,1,2,0.8665
03-01-2025,Friday,Dinner,400,30,40,1100,1,25,30,Mixed,13.5221,No,500,80,1,2,16.0221
04-01-2025,Saturday,Lunch,530,60,60,1510,3,170,0,Veg,7.365,No,500,106,0,3,13.5221
04-01-2025,Saturday,Dinner,530,60,60,1510,1,60,60,Mixed,45.5318,No,500,106,1,2,7.365
05-01-2025,Sunday,Lunch,510,55,55,1475,1,40,45,Mixed,26.946,No,500,102,1,2,45.5318
05-01-2025,Sunday,Dinner,510,55,55,1475,1,55,0,Veg,2.9553,No,500,102,0,1,26.946
06-01-2025,Monday,Lunch,495,51.5,55,1430,2,105,0,Veg,1.3032,Yes,500,99,0,2,2.9553
06-01-2025,Monday,Dinner,495,51.5,55,1430,1,50,0,Veg,1.3032,Yes,500,99,0,1,1.3032
07-01-2025,Tuesday,Lunch,495,51.5,55,1430,1,45,40,Mixed,20.9118,No,500,99,1,2,1.3032
07-01-2025,Tuesday,Dinner,495,51.5,55,1430,1,47.5,0,Veg,1.3032,No,500,99,0,1,20.9118
08-01-2025,Wednesday,Lunch,453,50.18,45.53,1487,2,78.81,0,Veg,3.9521,No,500,90.6,0,2,1.3032
08-01-2025,Wednesday,Dinner,450,41.99,53.79,1284,1,49.34,0,Veg,4.0783,No,500,90,0,1,3.9521
09-01-2025,Thursday,Lunch,540,65.63,65.61,1509,3,180.25,0,Veg,16.4798,No,500,108,0,3,4.0783
09-01-2025,Thursday,Dinner,428,47.05,46.58,1416,1,48.11,0,Veg,3.3733,No,500,85.6,0,1,16.4798
10-01-2025,Friday,Lunch,361,31.02,40.11,1103,1,53.13,32.5,Mixed,17.8589,No,500,72.2,1,2,3.3733
10-01-2025,Friday,Dinner,525,59.83,50.81,1456,1,54.81,0,Veg,6.2546,No,500,105,0,1,17.8589
11-01-2025,Saturday,Lunch,527,64.72,54.24,1403,2,155.65,0,Veg,10.9405,No,500,105.4,0,2,6.2546
11-01-2025,Saturday,Dinner,498,57.03,52.36,1495,1,57.85,0,Veg,6.2099,No,500,99.6,0,1,10.9405
12-01-2025,Sunday,Lunch,497,53.62,56.52,1422,1,48.94,42.93,Mixed,26.9744,No,500,99.4,1,2,6.2099
12-01-2025,Sunday,Dinner,407,27.29,38.75,1111,1,23.44,27.15,Mixed,10.3838,No,500,81.4,1,2,26.9744
13-01-2025,Monday,Lunch,424,48.22,51.43,1367,1,45.96,37.07,Mixed,29.1455,Yes,500,84.8,1,2,10.3838
13-01-2025,Monday,Dinner,493,54.67,59.36,1419,1,59.91,0,Veg,9.2582,Yes,500,98.6,0,1,29.1455
14-01-2025,Tuesday,Lunch,393,28.08,41.01,1021,1,55.08,33.12,Mixed,16.9305,Yes,500,78.6,1,2,9.2582
14-01-2025,Tuesday,Dinner,425,48.89,51.48,1385,1,37.5,34.97,Mixed,27.5117,Yes,500,85,1,2,16.9305
15-01-2025,Wednesday,Lunch,536,63.03,64.63,1471,2,184.19,0,Veg,13.7499,No,500,107.2,0,2,27.5117
15-01-2025,Wednesday,Dinner,420,29.92,42.9,1175,1,26.26,30.77,Mixed,13.4682,No,500,84,1,2,13.7499
16-01-2025,Thursday,Lunch,510,56.11,54.4,1339,1,37.79,48.03,Mixed,31.086,No,500,102,1,2,13.4682
16-01-2025,Thursday,Dinner,473,48.66,50.87,1513,1,50.19,0,Veg,0.3911,No,500,94.6,0,1,31.086
17-01-2025,Friday,Lunch,428,50.05,52.51,1264,1,46.22,34.45,Mixed,28.4206,No,500,85.6,1,2,0.3911
17-01-2025,Friday,Dinner,449,51.94,55.72,1564,1,46.19,0,Veg,12.239,No,500,89.8,0,1,28.4206
18-01-2025,Saturday,Lunch,428,47.02,49.01,1285,1,45.14,37.57,Mixed,25.0106,No,500,85.6,1,2,12.239
18-01-2025,Saturday,Dinner,515,47.79,55.17,1414,1,37.19,37.3,Mixed,16.0847,No,500,103,1,2,25.0106
19-01-2025,Sunday,Lunch,447,55.42,57.36,1562,1,47.21,40.96,Mixed,40.33,No,500,89.4,1,2,16.0847
19-01-2025,Sunday,Dinner,508,54.6,51.98,1546,1,50.23,0,Veg,2.7594,No,500,101.6,0,1,40.33
20-01-2025,Monday,Lunch,486,52.7,60.04,1359,1,43.17,39.87,Mixed,29.3052,No,500,97.2,1,2,2.7594
20-01-2025,Monday,Dinner,399,28.33,38.47,1075,1,27.46,28.54,Mixed,12.1033,No,500,79.8,1,2,29.3052
21-01-2025,Tuesday,Lunch,504,46.62,50.06,1534,1,48.27,38.82,Mixed,18.0579,No,500,100.8,1,2,12.1033
21-01-2025,Tuesday,Dinner,366,31.07,39.39,1198,1,26.06,29.74,Mixed,14.6628,No,500,73.2,1,2,18.0579
22-01-2025,Wednesday,Lunch,556,60.28,53.23,1353,1,39.65,45.04,Mixed,25.6768,No,500,111.2,1,2,14.6628
22-01-2025,Wednesday,Dinner,412,30.93,41.21,1089,1,26.58,30.17,Mixed,13.1978,No,500,82.4,1,2,25.6768
23-01-2025,Thursday,Lunch,485,56.23,50.28,1475,1,36.47,46.36,Mixed,33.1171,No,500,97,1,2,13.1978
23-01-2025,Thursday,Dinner,437,32.66,38.77,1052,1,24.61,28.32,Mixed,10.3179,No,500,87.4,1,2,33.1171
24-01-2025,Friday,Lunch,512,50.23,50.23,1324,1,42.32,43.64,Mixed,22.5483,No,500,102.4,1,2,10.3179
24-01-2025,Friday,Dinner,515,54.96,53.96,1293,1,41.59,34.29,Mixed,15.4798,No,500,103,1,2,22.5483
25-01-2025,Saturday,Lunch,384,30.65,43.99,1045,1,59.25,30.61,Mixed,16.3606,No,500,76.8,1,2,15.4798
25-01-2025,Saturday,Dinner,500,53.82,57.6,1315,1,42.1,33.84,Mixed,18.4032,No,500,100,1,2,16.3606
26-01-2025,Sunday,Lunch,541,48.54,56.43,1339,1,40.78,38.06,Mixed,15.7737,Yes,500,108.2,1,2,18.4032
26-01-2025,Sunday,Dinner,521,51.63,58.97,1490,1,45.66,0,Veg,1.4149,Yes,500,104.2,0,1,15.7737
27-01-2025,Monday,Lunch,439,29.9,39.58,1110,1,52.44,35.49,Mixed,17.4055,No,500,87.8,1,2,1.4149
27-01-2025,Monday,Dinner,504,47.69,58.82,1376,1,50.72,0,Veg,3.1429,No,500,100.8,0,1,17.4055
28-01-2025,Tuesday,Lunch,534,55.78,55.95,1559,2,94.64,0,Veg,1.2861,No,500,106.8,0,2,3.1429
28-01-2025,Tuesday,Dinner,476,46.87,56.37,1505,1,36.78,34.23,Mixed,18.4074,No,500,95.2,1,2,1.2861
29-01-2025,Wednesday,Lunch,411,50.19,52.46,1315,2,77.3,0,Veg,15.3047,No,500,82.2,0,2,18.4074
29-01-2025,Wednesday,Dinner,428,42.08,54.03,1474,1,43.36,0,Veg,6.7487,No,500,85.6,0,1,15.3047
30-01-2025,Thursday,Lunch,426,43.24,45.44,1352,1,70.36,0,Veg,0,No,500,85.2,0,1,6.7487
30-01-2025,Thursday,Dinner,400,30.22,39,1192,1,26.08,27.94,Mixed,11.4621,No,500,80,1,2,0
31-01-2025,Friday,Lunch,411,47.45,52.05,1454,1,80.42,0,Veg,12.1547,No,500,82.2,0,1,11.4621
31-01-2025,Friday,Dinner,549,60.59,57.13,1362,1,55.43,55.39,Mixed,37.3395,No,500,109.8,1,2,12.1547
01-02-2025,Saturday,Lunch,482,52.81,55.02,1431,1,41.66,37.66,Mixed,23.2001,No,500,96.4,1,2,37.3395
01-02-2025,Saturday,Dinner,519,54.22,60.15,1361,1,47.47,0,Veg,4.0727,No,500,103.8,0,1,23.2001
02-02-2025,Sunday,Lunch,509,49.41,58.83,1352,2,111.63,0,Veg,2.6005,Yes,500,101.8,0,2,4.0727
02-02-2025,Sunday,Dinner,430,50.77,55.08,1347,1,39.26,37.77,Mixed,34.5232,Yes,500,86,1,2,2.6005
03-02-2025,Monday,Lunch,541,61.99,58.72,1424,2,153.35,0,Veg,6.7818,No,500,108.2,0,2,34.5232
03-02-2025,Monday,Dinner,513,48.7,52.07,1281,1,39.89,36.88,Mixed,15.7471,No,500,102.6,1,2,6.7818
04-02-2025,Tuesday,Lunch,492,47.33,58.55,1476,1,48.76,41.22,Mixed,25.1508,No,500,98.4,1,2,15.7471
04-02-2025,Tuesday,Dinner,548,57.32,57.73,1397,1,58.69,0,Veg,1.3975,No,500,109.6,0,1,25.1508
05-02-2025,Wednesday,Lunch,467,53.65,56.26,1411,1,49.37,37.51,Mixed,28.9358,No,500,93.4,1,2,1.3975
05-02-2025,Wednesday,Dinner,519,51.19,54.03,1448,1,53.35,0,Veg,0,No,500,103.8,0,1,28.9358
06-02-2025,Thursday,Lunch,559,54.52,63.43,1506,3,174.88,0,Veg,1.677,No,500,111.8,0,3,0
06-02-2025,Thursday,Dinner,505,63.07,58.58,1483,1,62.5,60.25,Mixed,53.7747,No,500,101,1,2,1.677
07-02-2025,Friday,Lunch,382,28.59,38.87,999,1,60.73,29.84,Mixed,14.1036,No,500,76.4,1,2,53.7747
07-02-2025,Friday,Dinner,441,45.4,50.76,1500,1,39.69,40.11,Mixed,24.3823,No,500,88.2,1,2,14.1036
08-02-2025,Saturday,Lunch,360,31.1,40.22,1092,1,60.83,32.66,Mixed,18.2806,No,500,72,1,2,24.3823
08-02-2025,Saturday,Dinner,477,48.33,52.54,1346,1,51.53,0,Veg,0,No,500,95.4,0,1,18.2806
09-02-2025,Sunday,Lunch,381,28.63,43.3,1022,1,51.32,31.92,Mixed,17.4356,No,500,76.2,1,2,0
09-02-2025,Sunday,Dinner,505,54.87,50.24,1390,1,47.98,0,Veg,3.3355,No,500,101,0,1,17.4356
10-02-2025,Monday,Lunch,390,28.7,43.97,1199,1,52.67,32.66,Mixed,17.4806,No,500,78,1,2,3.3355
10-02-2025,Monday,Dinner,490,50.53,53.69,1375,1,51.77,0,Veg,0.5263,No,500,98,0,1,17.4806
11-02-2025,Tuesday,Lunch,515,52.28,53.65,1305,1,97.68,0,Veg,0,No,500,103,0,1,0.5263
11-02-2025,Tuesday,Dinner,496,46.94,49.14,1503,1,41.38,38.72,Mixed,18.2874,No,500,99.2,1,2,0
12-02-2025,Wednesday,Lunch,454,51.73,54.43,1272,1,44.55,37.54,Mixed,28.5141,No,500,90.8,1,2,18.2874
12-02-2025,Wednesday,Dinner,383,28.76,42.79,1200,1,27.24,29.27,Mixed,13.9723,No,500,76.6,1,2,28.5141
13-02-2025,Thursday,Lunch,430,28.31,40.28,1075,1,53.2,30.42,Mixed,12.7063,No,500,86,1,2,13.9723
13-02-2025,Thursday,Dinner,376,29.44,43.72,1102,1,22.94,32.2,Mixed,18.8939,No,500,75.2,1,2,12.7063
14-02-2025,Friday,Lunch,508,64.76,57.52,1521,2,176.43,0,Veg,14.3204,No,500,101.6,0,2,18.8939
14-02-2025,Friday,Dinner,468,47.03,49.59,1511,1,35.37,39.14,Mixed,19.8609,No,500,93.6,1,2,14.3204
15-02-2025,Saturday,Lunch,493,43.32,53.38,1463,1,80.56,0,Veg,0,No,500,98.6,0,1,19.8609
15-02-2025,Saturday,Dinner,522,51.27,54.93,1585,1,55.52,0,Veg,0,No,500,104.4,0,1,0
16-02-2025,Sunday,Lunch,461,52.28,53.17,1443,1,40.34,34.29,Mixed,22.7781,No,500,92.2,1,2,0
16-02-2025,Sunday,Dinner,494,52.49,53,1589,1,59.82,0,Veg,2.0781,No,500,98.8,0,1,22.7781
17-02-2025,Monday,Lunch,509,49.71,60,1393,1,48.82,39.37,Mixed,22.1725,No,500,101.8,1,2,2.0781
17-02-2025,Monday,Dinner,495,50.85,56.95,1582,1,50.68,0,Veg,2.6032,No,500,99,0,1,22.1725
18-02-2025,Tuesday,Lunch,512,46.35,56.33,1561,1,48.46,36.69,Mixed,15.5983,No,500,102.4,1,2,2.6032
18-02-2025,Tuesday,Dinner,510,52.07,49.77,1323,1,50.49,0,Veg,0.0253,No,500,102,0,1,15.5983
19-02-2025,Wednesday,Lunch,463,51.1,53.22,1508,1,110.44,0,Veg,5.9238,Yes,500,92.6,0,1,0.0253
19-02-2025,Wednesday,Dinner,487,56.63,60.38,1338,1,58.78,0,Veg,13.5133,Yes,500,97.4,0,1,5.9238
20-02-2025,Thursday,Lunch,412,30.62,37.82,1096,1,58.81,33.89,Mixed,16.9178,No,500,82.4,1,2,13.5133
20-02-2025,Thursday,Dinner,423,49.09,49.5,1363,1,40.4,37.14,Mixed,28.4092,No,500,84.6,1,2,16.9178
21-02-2025,Friday,Lunch,521,57.73,62.52,1646,3,182.01,0,Veg,9.5277,No,500,104.2,0,3,28.4092
21-02-2025,Friday,Dinner,466,54.39,57.44,1285,1,41.04,36.86,Mixed,30.4595,No,500,93.2,1,2,9.5277
22-02-2025,Saturday,Lunch,485,49.46,50.76,1330,1,73.88,0,Veg,0,No,500,97,0,1,30.4595
22-02-2025,Saturday,Dinner,521,56.48,56.6,1297,1,48.75,0,Veg,3.3128,No,500,104.2,0,1,0
23-02-2025,Sunday,Lunch,540,57.81,60.21,1627,2,173.93,0,Veg,3.2598,Yes,500,108,0,2,3.3128
23-02-2025,Sunday,Dinner,460,46.56,58.1,1507,1,35.21,35.78,Mixed,24.1141,Yes,500,92,1,2,3.2598
24-02-2025,Monday,Lunch,463,52.98,56.85,1368,1,47.18,37.07,Mixed,29.4306,No,500,92.6,1,2,24.1141
24-02-2025,Monday,Dinner,532,54.42,59.27,1402,1,52.12,0,Veg,0.63,No,500,106.4,0,1,29.4306
25-02-2025,Tuesday,Lunch,482,51.79,58.58,1384,2,99.92,0,Veg,7.9359,No,500,96.4,0,2,0.63
25-02-2025,Tuesday,Dinner,373,31,43.86,1134,1,23.37,32.93,Mixed,20.2189,No,500,74.6,1,2,7.9359
26-02-2025,Wednesday,Lunch,429,48.19,53.71,1279,2,79.17,0,Veg,10.7294,Yes,500,85.8,0,2,20.2189
26-02-2025,Wednesday,Dinner,582,57.31,64.72,1397,1,63.04,55.01,Mixed,31.4609,Yes,500,116.4,1,2,10.7294
27-02-2025,Thursday,Lunch,450,49.87,53.91,1506,1,41.97,39.95,Mixed,29.5589,No,500,90,1,2,31.4609
27-02-2025,Thursday,Dinner,493,45.48,45.9,1390,1,42.83,0,Veg,0,No,500,98.6,0,1,29.5589
28-02-2025,Friday,Lunch,581,57.07,62.55,1374,2,158.5,0,Veg,0,No,500,116.2,0,2,0
28-02-2025,Friday,Dinner,512,48.38,53.84,1390,1,40.81,38.45,Mixed,17.3583,No,500,102.4,1,2,0
01-03-2025,Saturday,Lunch,373,32.99,42.38,1101,1,59.06,32.13,Mixed,17.9389,No,500,74.6,1,2,17.3583
01-03-2025,Saturday,Dinner,483,44.61,53.31,1483,1,46.98,0,Veg,0,No,500,96.6,0,1,17.9389
02-03-2025,Sunday,Lunch,464,47.99,53.59,1448,1,46.47,38.22,Mixed,22.0769,No,500,92.8,1,2,0
02-03-2025,Sunday,Dinner,388,31.2,43.72,1013,1,25.01,31.03,Mixed,15.9039,No,500,77.6,1,2,22.0769
03-03-2025,Monday,Lunch,460,51.8,51.58,1423,1,40.43,45.74,Mixed,32.4118,No,500,92,1,2,15.9039
03-03-2025,Monday,Dinner,488,47.28,49.75,1414,1,49.36,0,Veg,0,No,500,97.6,0,1,32.4118
04-03-2025,Tuesday,Lunch,467,55.21,49.73,1349,1,98.87,0,Veg,7.5534,No,500,93.4,0,1,0
04-03-2025,Tuesday,Dinner,530,55.93,56.77,1516,1,50.97,0,Veg,1.8443,No,500,106,0,1,7.5534
05-03-2025,Wednesday,Lunch,540,51.4,52.23,1418,1,104.32,0,Veg,0,No,500,108,0,1,1.8443
05-03-2025,Wednesday,Dinner,458,51.01,55.72,1329,1,36.96,39.19,Mixed,29.7192,No,500,91.6,1,2,0
06-03-2025,Thursday,Lunch,571,63.15,57.76,1472,2,162.22,0,Veg,4.8803,No,500,114.2,0,2,29.7192
06-03-2025,Thursday,Dinner,467,48.89,52.69,1464,1,40.16,40.12,Mixed,23.2158,No,500,93.4,1,2,4.8803
07-03-2025,Friday,Lunch,479,64.99,64.97,1643,3,178.5,0,Veg,28.1635,No,500,95.8,0,3,23.2158
07-03-2025,Friday,Dinner,471,47.76,55.81,1322,1,38.41,37.3,Mixed,21.6757,No,500,94.2,1,2,28.1635
08-03-2025,Saturday,Lunch,453,46.09,56.63,1299,1,42.99,40.88,Mixed,28.8057,No,500,90.6,1,2,21.6757
08-03-2025,Saturday,Dinner,366,31.21,40.06,1153,1,27,30.68,Mixed,15.6028,No,500,73.2,1,2,28.8057
09-03-2025,Sunday,Lunch,538,50.42,54.74,1514,1,42.96,38.69,Mixed,16.5273,No,500,107.6,1,2,15.6028
09-03-2025,Sunday,Dinner,430,46.11,48.97,1380,1,49.47,0,Veg,3.6969,No,500,86,0,1,16.5273
10-03-2025,Monday,Lunch,462,47.48,56.02,1327,1,42.18,40.31,Mixed,26.5943,No,500,92.4,1,2,3.6969
10-03-2025,Monday,Dinner,392,32.3,43.94,1097,1,26.7,28.02,Mixed,12.5073,No,500,78.4,1,2,26.5943
11-03-2025,Tuesday,Lunch,487,53.25,59.97,1450,1,38.67,48.46,Mixed,38.1215,No,500,97.4,1,2,12.5073
11-03-2025,Tuesday,Dinner,499,55.59,52.97,1361,1,46.97,0,Veg,4.6678,No,500,99.8,0,1,38.1215
12-03-2025,Wednesday,Lunch,487,50.83,53.9,1453,2,99.74,0,Veg,1.2333,No,500,97.4,0,2,4.6678
12-03-2025,Wednesday,Dinner,405,28.43,41.04,1078,1,23.4,30.52,Mixed,13.8362,No,500,81,1,2,1.2333
13-03-2025,Thursday,Lunch,476,55.97,52.15,1533,2,108.37,0,Veg,7.3949,No,500,95.2,0,2,13.8362
13-03-2025,Thursday,Dinner,460,53.56,59.26,1540,1,52.65,0,Veg,15.0613,No,500,92,0,1,7.3949
14-03-2025,Friday,Lunch,395,29.87,43.13,1056,1,59.87,30.85,Mixed,14.5781,Yes,500,79,1,2,15.0613
14-03-2025,Friday,Dinner,509,46.52,56.93,1332,1,46.85,0,Veg,0.7005,Yes,500,101.8,0,1,14.5781
15-03-2025,Saturday,Lunch,564,54.01,59.31,1427,3,162.68,0,Veg,0,No,500,112.8,0,3,0.7005
15-03-2025,Saturday,Dinner,444,50.2,50.72,1382,1,45.44,0,Veg,6.5616,No,500,88.8,0,1,0
16-03-2025,Sunday,Lunch,450,50.09,46.85,1479,1,77.48,0,Veg,4.1682,No,500,90,0,1,6.5616
16-03-2025,Sunday,Dinner,532,58.66,60.41,1388,1,56.94,60.48,Mixed,44.5744,No,500,106.4,1,2,4.1682
17-03-2025,Monday,Lunch,508,57.41,63.23,1642,2,186.28,0,Veg,12.6804,No,500,101.6,0,2,44.5744
17-03-2025,Monday,Dinner,524,54.92,58.05,1499,1,63.92,58.48,Mixed,38.5041,No,500,104.8,1,2,12.6804
18-03-2025,Tuesday,Lunch,418,28.76,40.88,1036,1,61.66,35.61,Mixed,18.3906,No,500,83.6,1,2,38.5041
18-03-2025,Tuesday,Dinner,536,46.41,56.76,1532,1,50.62,0,Veg,0,No,500,107.2,0,1,18.3906
19-03-2025,Wednesday,Lunch,542,56.18,53.74,1480,1,44.74,43.72,Mixed,22.2622,No,500,108.4,1,2,0
19-03-2025,Wednesday,Dinner,571,55.01,59.19,1546,1,63.47,57.39,Mixed,33.8678,No,500,114.2,1,2,22.2622
20-03-2025,Thursday,Lunch,532,50.35,58.14,1433,1,38.56,41.63,Mixed,19.7144,No,500,106.4,1,2,33.8678
20-03-2025,Thursday,Dinner,418,42.93,46.8,1306,1,42.5,0,Veg,0.8971,No,500,83.6,0,1,19.7144
21-03-2025,Friday,Lunch,569,61.12,56.35,1579,2,162.61,0,Veg,3.0544,No,500,113.8,0,2,0.8971
21-03-2025,Friday,Dinner,481,47.11,57.13,1475,1,53.07,0,Veg,3.9937,No,500,96.2,0,1,3.0544
22-03-2025,Saturday,Lunch,499,51.67,50.98,1357,2,103.33,0,Veg,0.7478,No,500,99.8,0,2,3.9937
22-03-2025,Saturday,Dinner,477,61.23,65.78,1655,1,56.12,54.43,Mixed,60.4186,No,500,95.4,1,2,0.7478
23-03-2025,Sunday,Lunch,492,60.56,61.28,1402,2,161.87,0,Veg,17.2807,No,500,98.4,0,2,60.4186
23-03-2025,Sunday,Dinner,548,54.11,62.58,1408,1,59.67,62.41,Mixed,41.8775,No,500,109.6,1,2,17.2807
24-03-2025,Monday,Lunch,499,57.92,56.94,1447,1,37.21,48.87,Mixed,37.1269,No,500,99.8,1,2,41.8775
24-03-2025,Monday,Dinner,461,50.37,57.78,1335,1,59.13,0,Veg,10.1788,No,500,92.2,0,1,37.1269
25-03-2025,Tuesday,Lunch,394,32.18,39.83,1018,1,56.96,31.32,Mixed,15.0893,No,500,78.8,1,2,10.1788
25-03-2025,Tuesday,Dinner,473,54.44,51.73,1478,1,38.78,41.03,Mixed,27.716,No,500,94.6,1,2,15.0893
26-03-2025,Wednesday,Lunch,441,54.97,51.63,1445,1,38.42,34.64,Mixed,29.3523,No,500,88.2,1,2,27.716
26-03-2025,Wednesday,Dinner,411,46.93,53.42,1353,1,43.82,0,Veg,13.0047,No,500,82.2,0,1,29.3523
27-03-2025,Thursday,Lunch,493,55.21,56.87,1415,1,39.89,46.02,Mixed,33.0192,No,500,98.6,1,2,13.0047
27-03-2025,Thursday,Dinner,477,49.55,50.37,1356,1,38.7,35.94,Mixed,17.163,No,500,95.4,1,2,33.0192
28-03-2025,Friday,Lunch,463,46.93,49.93,1458,1,42.87,40.25,Mixed,21.1769,No,500,92.6,1,2,17.163
28-03-2025,Friday,Dinner,469,54.43,59.91,1362,1,51.53,0,Veg,14.6686,No,500,93.8,0,1,21.1769
29-03-2025,Saturday,Lunch,439,49.74,53.68,1300,1,72.39,0,Veg,10.1242,No,500,87.8,0,1,14.6686
29-03-2025,Saturday,Dinner,537,61.15,54.46,1399,1,65,60.04,Mixed,44.2685,No,500,107.4,1,2,10.1242
30-03-2025,Sunday,Lunch,434,32.18,38.57,1160,1,51.59,33.59,Mixed,15.7115,No,500,86.8,1,2,44.2685
30-03-2025,Sunday,Dinner,440,48.16,48.97,1365,1,46.5,0,Veg,3.6217,No,500,88,0,1,15.7115
31-03-2025,Monday,Lunch,385,28.13,43.63,1135,1,59.53,34.63,Mixed,19.8689,Yes,500,77,1,2,3.6217
31-03-2025,Monday,Dinner,456,47.71,54.71,1372,1,54.43,0,Veg,5.5114,Yes,500,91.2,0,1,19.8689
01-04-2025,Tuesday,Lunch,471,48.26,53.11,1373,1,43.56,39.09,Mixed,20.9609,No,500,94.2,1,2,5.5114
01-04-2025,Tuesday,Dinner,448,52.44,54.87,1359,1,47.65,0,Veg,12.1015,No,500,89.6,0,1,20.9609
02-04-2025,Wednesday,Lunch,478,50.8,52.91,1230,2,75.5,0,Veg,2.126,No,500,95.6,0,2,12.1015
02-04-2025,Wednesday,Dinner,490,45.04,47.47,1490,1,50.21,0,Veg,0,No,500,98,0,1,2.126
03-04-2025,Thursday,Lunch,466,50.1,54.59,1530,1,42.36,49.43,Mixed,35.8895,No,500,93.2,1,2,0
03-04-2025,Thursday,Dinner,514,56.34,63.61,1476,1,58.57,65.65,Mixed,55.1912,No,500,102.8,1,2,35.8895
04-04-2025,Friday,Lunch,506,50.29,48.92,1294,1,41.87,40.45,Mixed,19.6055,No,500,101.2,1,2,55.1912
04-04-2025,Friday,Dinner,512,56.55,49.57,1430,1,54.67,0,Veg,4.3012,No,500,102.4,0,1,19.6055
05-04-2025,Saturday,Lunch,369,29.1,40.93,1128,1,58.07,33.08,Mixed,18.0456,No,500,73.8,1,2,4.3012
05-04-2025,Saturday,Dinner,474,46.78,56.93,1526,1,51.41,0,Veg,4.567,No,500,94.8,0,1,18.0456
06-04-2025,Sunday,Lunch,434,48.06,47.09,1389,2,77.41,0,Veg,3.771,Yes,500,86.8,0,2,4.567
06-04-2025,Sunday,Dinner,511,55.2,59.7,1390,1,60.71,64.15,Mixed,49.4024,Yes,500,102.2,1,2,3.771
07-04-2025,Monday,Lunch,439,28.28,42.2,1169,1,59.77,31.9,Mixed,13.8155,No,500,87.8,1,2,49.4024
07-04-2025,Monday,Dinner,513,55.32,58.94,1571,1,62.69,54.45,Mixed,38.555,No,500,102.6,1,2,13.8155
08-04-2025,Tuesday,Lunch,363,28.92,41.53,1103,1,60.65,32.52,Mixed,18.9956,No,500,72.6,1,2,38.555
08-04-2025,Tuesday,Dinner,430,46.5,52.13,1374,1,44.03,0,Veg,7.2469,No,500,86,0,1,18.9956
09-04-2025,Wednesday,Lunch,499,49.56,55.03,1377,1,94.62,0,Veg,0,No,500,99.8,0,1,7.2469
09-04-2025,Wednesday,Dinner,481,51.96,51.51,1339,1,54.55,0,Veg,2.8747,No,500,96.2,0,1,0
10-04-2025,Thursday,Lunch,529,47.56,50.05,1410,1,40.67,39.94,Mixed,18.148,No,500,105.8,1,2,2.8747
10-04-2025,Thursday,Dinner,538,54.13,55.88,1299,1,49.05,0,Veg,0,No,500,107.6,0,1,18.148
11-04-2025,Friday,Lunch,495,53.37,58.47,1598,1,37.91,42.49,Mixed,28.7418,No,500,99,1,2,0
11-04-2025,Friday,Dinner,576,62.07,57.5,1620,1,61.64,60.54,Mixed,40.102,No,500,115.2,1,2,28.7418
12-04-2025,Saturday,Lunch,555,58.63,49.86,1547,1,37.5,45.45,Mixed,24.5801,No,500,111,1,2,40.102
12-04-2025,Saturday,Dinner,417,30.05,41.5,1174,1,25.05,30.16,Mixed,12.9818,No,500,83.4,1,2,24.5801
13-04-2025,Sunday,Lunch,489,49.17,53.24,1526,1,102.26,0,Veg,0,Yes,500,97.8,0,1,12.9818
13-04-2025,Sunday,Dinner,413,28.92,43.65,1001,1,24.41,32.29,Mixed,15.2766,Yes,500,82.6,1,2,0
14-04-2025,Monday,Lunch,454,45.66,45.03,1328,2,79.21,0,Veg,0,Yes,500,90.8,0,2,15.2766
14-04-2025,Monday,Dinner,535,51.21,52.03,1326,1,53.32,0,Veg,0,Yes,500,107,0,1,0
15-04-2025,Tuesday,Lunch,502,55.7,65.83,1369,3,182.92,0,Veg,14.8455,No,500,100.4,0,3,0
15-04-2025,Tuesday,Dinner,419,30.97,41.43,1032,1,23.96,27.52,Mixed,10.2594,No,500,83.8,1,2,14.8455
16-04-2025,Wednesday,Lunch,489,51.82,53.3,1561,1,42.4,40.89,Mixed,22.6641,No,500,97.8,1,2,10.2594
16-04-2025,Wednesday,Dinner,439,45.56,47.43,1464,1,47.77,0,Veg,0.7607,No,500,87.8,0,1,22.6641
17-04-2025,Thursday,Lunch,559,56.89,64.55,1466,3,159.49,0,Veg,2.797,No,500,111.8,0,3,0.7607
17-04-2025,Thursday,Dinner,458,52.73,57.46,1403,1,44.58,0,Veg,12.8564,No,500,91.6,0,1,2.797
18-04-2025,Friday,Lunch,462,57.59,52.47,1412,1,36.13,42.6,Mixed,35.4443,No,500,92.4,1,2,12.8564
18-04-2025,Friday,Dinner,541,61.75,56.08,1613,1,56.71,57.75,Mixed,42.0055,No,500,108.2,1,2,35.4443
19-04-2025,Saturday,Lunch,458,47.66,46.78,1467,1,68.41,0,Veg,0.9218,No,500,91.6,0,1,42.0055
19-04-2025,Saturday,Dinner,507,54.63,52.1,1372,1,38.46,39,Mixed,21.0058,No,500,101.4,1,2,0.9218
20-04-2025,Sunday,Lunch,544,51.07,52.83,1311,1,47.47,38.19,Mixed,15.7801,No,500,108.8,1,2,21.0058
20-04-2025,Sunday,Dinner,445,46.13,45.38,1489,1,47.4,0,Veg,0.7184,No,500,89,0,1,15.7801
21-04-2025,Monday,Lunch,449,47.89,50.99,1346,2,107.52,0,Veg,3.459,No,500,89.8,0,2,0.7184
21-04-2025,Monday,Dinner,514,53.12,57.47,1569,1,53.24,0,Veg,1.3553,No,500,102.8,0,1,3.459
22-04-2025,Tuesday,Lunch,525,50.75,52.33,1486,1,42.26,41.13,Mixed,19.5028,No,500,105,1,2,1.3553
22-04-2025,Tuesday,Dinner,422,27.02,41.47,1117,1,24.75,32.89,Mixed,15.5059,No,500,84.4,1,2,19.5028
23-04-2025,Wednesday,Lunch,555,53.1,51.9,1566,1,39.73,42.96,Mixed,20.097,No,500,111,1,2,15.5059
23-04-2025,Wednesday,Dinner,420,27.55,39.41,1023,1,27.33,28.15,Mixed,10.8482,No,500,84,1,2,20.097
24-04-2025,Thursday,Lunch,539,63.9,60.49,1527,2,161.47,0,Veg,9.8423,No,500,107.8,0,2,10.8482
24-04-2025,Thursday,Dinner,469,54.9,53.56,1287,1,52.46,0,Veg,8.7886,No,500,93.8,0,1,9.8423
25-04-2025,Friday,Lunch,420,28.08,36.79,1187,1,58.32,30,Mixed,12.6982,No,500,84,1,2,8.7886
25-04-2025,Friday,Dinner,431,45.89,46.83,1333,1,45.13,0,Veg,1.9071,No,500,86.2,0,1,12.6982
26-04-2025,Saturday,Lunch,438,31.61,39.23,993,1,62.24,32.39,Mixed,14.3467,No,500,87.6,1,2,1.9071
26-04-2025,Saturday,Dinner,485,46.97,59.24,1468,1,43.83,0,Veg,5.6618,No,500,97,0,1,14.3467
27-04-2025,Sunday,Lunch,414,27.73,42.05,1089,1,55.59,31.51,Mixed,14.4554,No,500,82.8,1,2,5.6618
27-04-2025,Sunday,Dinner,491,45.91,51.45,1446,1,44.34,0,Veg,0,No,500,98.2,0,1,14.4554
28-04-2025,Monday,Lunch,513,55.04,52.62,1411,1,40.83,49.17,Mixed,30.7263,No,500,102.6,1,2,0
28-04-2025,Monday,Dinner,529,56.12,59.39,1525,1,52.32,0,Veg,3.0875,No,500,105.8,0,1,30.7263
29-04-2025,Tuesday,Lunch,423,50.12,53.2,1426,1,41.75,33.83,Mixed,29.8292,No,500,84.6,1,2,3.0875
29-04-2025,Tuesday,Dinner,524,55.41,59.83,1415,1,60.99,57.59,Mixed,39.8841,No,500,104.8,1,2,29.8292
30-04-2025,Wednesday,Lunch,454,46.84,50.44,1237,1,76.53,0,Veg,0.7964,No,500,90.8,0,1,39.8841
30-04-2025,Wednesday,Dinner,429,49.93,53.43,1267,1,42.27,0,Veg,12.1894,No,500,85.8,0,1,0.7964
01-05-2025,Thursday,Lunch,418,48.74,53.41,1430,1,79.29,0,Veg,13.3171,No,500,83.6,0,1,12.1894
01-05-2025,Thursday,Dinner,485,51.1,58.93,1418,1,56.21,0,Veg,6.9583,No,500,97,0,1,13.3171
02-05-2025,Friday,Lunch,544,51.1,52.97,1556,1,46.06,38.73,Mixed,16.3201,No,500,108.8,1,2,6.9583
02-05-2025,Friday,Dinner,473,52.06,56.59,1397,1,44.07,0,Veg,8.1286,No,500,94.6,0,1,16.3201
03-05-2025,Saturday,Lunch,508,52.01,57,1371,1,42.68,47.8,Mixed,27.9235,No,500,101.6,1,2,8.1286
03-05-2025,Saturday,Dinner,581,62.88,57.84,1537,1,59.78,60.31,Mixed,39.9658,No,500,116.2,1,2,27.9235
04-05-2025,Sunday,Lunch,428,30.78,37.16,1040,1,57,30.82,Mixed,13.1887,No,500,85.6,1,2,39.9658
04-05-2025,Sunday,Dinner,449,49.44,59.47,1512,1,45.91,0,Veg,13.489,No,500,89.8,0,1,13.1887
05-05-2025,Monday,Lunch,448,54.53,59.46,1287,1,40.58,39.19,Mixed,39.5163,No,500,89.6,1,2,13.489
05-05-2025,Monday,Dinner,538,53.39,52.37,1544,1,56.2,0,Veg,0,No,500,107.6,0,1,39.5163
06-05-2025,Tuesday,Lunch,542,64.15,60.75,1659,3,180.63,0,Veg,9.7148,No,500,108.4,0,3,0
06-05-2025,Tuesday,Dinner,468,58.1,54.19,1532,1,50.01,0,Veg,12.8312,No,500,93.6,0,1,9.7148
07-05-2025,Wednesday,Lunch,501,50.9,57.72,1444,1,44.69,42.85,Mixed,24.5858,No,500,100.2,1,2,12.8312
07-05-2025,Wednesday,Dinner,496,49.01,51.05,1381,1,47.64,0,Veg,0,No,500,99.2,0,1,24.5858
08-05-2025,Thursday,Lunch,555,50.89,56.97,1472,1,42.75,46.67,Mixed,23.807,No,500,111,1,2,0
08-05-2025,Thursday,Dinner,475,47.49,51.61,1379,1,50.21,0,Veg,0,No,500,95,0,1,23.807
09-05-2025,Friday,Lunch,405,44.84,48.52,1362,1,70.3,0,Veg,7.2899,No,500,81,0,1,0
09-05-2025,Friday,Dinner,572,56.85,64.58,1390,1,61.79,64.15,Mixed,41.9776,No,500,114.4,1,2,7.2899
10-05-2025,Saturday,Lunch,472,55.07,52.7,1552,2,103.9,0,Veg,7.4611,No,500,94.4,0,2,41.9776
10-05-2025,Saturday,Dinner,549,55.21,65.18,1459,1,56.01,63.95,Mixed,45.8659,No,500,109.8,1,2,7.4611
11-05-2025,Sunday,Lunch,517,54.78,54.59,1484,1,49.43,41.1,Mixed,21.8233,No,500,103.4,1,2,45.8659
11-05-2025,Sunday,Dinner,558,60.23,58.59,1447,1,65.88,63.69,Mixed,43.9904,No,500,111.6,1,2,21.8233
12-05-2025,Monday,Lunch,461,52.67,59.29,1478,1,37.56,42.65,Mixed,37.6481,Yes,500,92.2,1,2,43.9904
12-05-2025,Monday,Dinner,466,48.95,54.09,1352,1,48.06,0,Veg,4.0062,Yes,500,93.2,0,1,37.6481
13-05-2025,Tuesday,Lunch,510,52.68,53.69,1346,1,42.72,42.88,Mixed,22.506,No,500,102,1,2,4.0062
13-05-2025,Tuesday,Dinner,422,31.47,42.5,1000,1,27.12,28.92,Mixed,11.5359,No,500,84.4,1,2,22.506
14-05-2025,Wednesday,Lunch,510,49.15,58.34,1568,1,47.99,36.82,Mixed,17.8108,No,500,102,1,2,11.5359
14-05-2025,Wednesday,Dinner,467,56.21,53.57,1316,1,49.4,0,Veg,10.5337,No,500,93.4,0,1,17.8108
15-05-2025,Thursday,Lunch,488,43.64,47.04,1493,1,80.98,0,Veg,0,No,500,97.6,0,1,10.5337
15-05-2025,Thursday,Dinner,493,44.49,45.44,1432,1,50.05,0,Veg,0,No,500,98.6,0,1,0
16-05-2025,Friday,Lunch,530,57.43,54.96,1490,3,163.77,0,Veg,3.3443,No,500,106,0,3,0
16-05-2025,Friday,Dinner,573,58.41,57.75,1487,1,65.36,57.5,Mixed,33.8955,No,500,114.6,1,2,3.3443
17-05-2025,Saturday,Lunch,461,48.01,54.32,1373,1,43.26,36.32,Mixed,21.6881,No,500,92.2,1,2,33.8955
17-05-2025,Saturday,Dinner,495,50.17,55.42,1318,1,38.78,36.67,Mixed,17.0158,No,500,99,1,2,21.6881
18-05-2025,Sunday,Lunch,474,47.41,58.91,1419,2,99.24,0,Veg,6.547,No,500,94.8,0,2,17.0158
18-05-2025,Sunday,Dinner,446,49.58,54.13,1470,1,49.51,0,Veg,8.9266,No,500,89.2,0,1,6.547
19-05-2025,Monday,Lunch,431,30.64,40.06,1089,1,62.4,30.51,Mixed,12.7551,No,500,86.2,1,2,8.9266
19-05-2025,Monday,Dinner,504,50.05,52.39,1453,1,49.59,0,Veg,0,No,500,100.8,0,1,12.7551
20-05-2025,Tuesday,Lunch,517,55.77,54.6,1520,1,48.66,40.72,Mixed,22.4333,No,500,103.4,1,2,0
20-05-2025,Tuesday,Dinner,485,49.1,58.74,1342,1,52.64,0,Veg,5.1618,No,500,97,0,1,22.4333
21-05-2025,Wednesday,Lunch,405,27.5,37.43,1063,1,62.53,32.92,Mixed,16.2362,No,500,81,1,2,5.1618
21-05-2025,Wednesday,Dinner,493,58.79,57.82,1379,1,54.93,0,Veg,11.8382,No,500,98.6,0,1,16.2362
22-05-2025,Thursday,Lunch,524,59.42,59.38,1549,1,36.46,41.98,Mixed,27.8341,No,500,104.8,1,2,11.8382
22-05-2025,Thursday,Dinner,562,56.06,57.88,1573,1,61.21,55.96,Mixed,32.8086,No,500,112.4,1,2,27.8341
23-05-2025,Friday,Lunch,489,45.75,51.24,1483,2,72.86,0,Veg,0,No,500,97.8,0,2,32.8086
23-05-2025,Friday,Dinner,362,31.89,42.79,1012,1,24.64,27.36,Mixed,15.2472,No,500,72.4,1,2,0
24-05-2025,Saturday,Lunch,390,30.75,38.83,1052,1,62.14,30.19,Mixed,14.1241,No,500,78,1,2,15.2472
24-05-2025,Saturday,Dinner,462,47.29,52.47,1350,1,54.98,0,Veg,1.5763,No,500,92.4,0,1,14.1241
25-05-2025,Sunday,Lunch,458,48.52,51.39,1312,1,95.7,0,Veg,2.5764,No,500,91.6,0,1,1.5763
25-05-2025,Sunday,Dinner,485,58.24,56.57,1499,1,58.54,63.96,Mixed,55.7189,No,500,97,1,2,2.5764
26-05-2025,Monday,Lunch,564,54.76,60.26,1506,3,171.32,0,Veg,0,No,500,112.8,0,3,55.7189
26-05-2025,Monday,Dinner,482,44.82,48.54,1244,1,45,0,Veg,0,No,500,96.4,0,1,0
27-05-2025,Tuesday,Lunch,483,48.51,58.32,1372,1,96.12,0,Veg,4.9628,No,500,96.6,0,1,0
27-05-2025,Tuesday,Dinner,461,53.35,50.14,1493,1,48.2,0,Veg,6.3057,No,500,92.2,0,1,4.9628
28-05-2025,Wednesday,Lunch,576,60.81,56.51,1576,3,175.24,0,Veg,2.0301,No,500,115.2,0,3,6.3057
28-05-2025,Wednesday,Dinner,461,52.71,57.12,1466,1,40.65,37.45,Mixed,30.3181,No,500,92.2,1,2,2.0301
29-05-2025,Thursday,Lunch,489,55.6,64.24,1580,3,163.18,0,Veg,15.9183,No,500,97.8,0,3,30.3181
29-05-2025,Thursday,Dinner,493,59.17,60.66,1521,1,59.76,63.8,Mixed,58.5492,No,500,98.6,1,2,15.9183
30-05-2025,Friday,Lunch,500,48.82,57.73,1417,1,49.44,37.79,Mixed,19.6874,No,500,100,1,2,58.5492
30-05-2025,Friday,Dinner,405,31.61,40.78,1209,1,27.2,32.34,Mixed,15.6562,No,500,81,1,2,19.6874
31-05-2025,Saturday,Lunch,418,47.72,53.76,1400,1,80.16,0,Veg,12.6471,No,500,83.6,0,1,15.6562
31-05-2025,Saturday,Dinner,453,52.3,49.87,1380,1,42.64,34.74,Mixed,22.1509,No,500,90.6,1,2,12.6471
01-06-2025,Sunday,Lunch,570,54.22,56.59,1572,2,170.76,0,Veg,0,No,500,114,0,2,22.1509
01-06-2025,Sunday,Dinner,509,56.88,64.28,1523,1,55.05,62.61,Mixed,54.6298,No,500,101.8,1,2,0
02-06-2025,Monday,Lunch,468,47.14,54.36,1506,1,41.55,38.19,Mixed,21.5707,No,500,93.6,1,2,54.6298
02-06-2025,Monday,Dinner,491,52.36,50.22,1373,1,45.17,0,Veg,2.2542,No,500,98.2,0,1,21.5707
03-06-2025,Tuesday,Lunch,523,52.12,56.92,1602,1,39.92,45.26,Mixed,23.7152,No,500,104.6,1,2,2.2542
03-06-2025,Tuesday,Dinner,409,27.67,42.72,1070,1,25.86,27.69,Mixed,10.8414,No,500,81.8,1,2,23.7152
04-06-2025,Wednesday,Lunch,520,61.83,59.8,1512,2,186.96,0,Veg,11.1202,No,500,104,0,2,10.8414
04-06-2025,Wednesday,Dinner,470,56.27,60.15,1377,1,60.27,0,Veg,16.5361,No,500,94,0,1,11.1202
05-06-2025,Thursday,Lunch,506,48.87,57.9,1572,1,106.89,0,Veg,2.002,No,500,101.2,0,1,16.5361
05-06-2025,Thursday,Dinner,471,52.44,51.45,1380,1,40.99,35.81,Mixed,20.7825,No,500,94.2,1,2,2.002
06-06-2025,Friday,Lunch,410,49.57,46.85,1386,1,80.03,0,Veg,9.2873,No,500,82,0,1,20.7825
06-06-2025,Friday,Dinner,471,47.92,49.97,1324,1,43.2,0,Veg,0,No,500,94.2,0,1,9.2873
07-06-2025,Saturday,Lunch,579,65.72,64.15,1485,2,153.91,0,Veg,6.8216,Yes,500,115.8,0,2,0
07-06-2025,Saturday,Dinner,492,50.55,52.35,1505,1,50.38,0,Veg,0.3422,Yes,500,98.4,0,1,6.8216
08-06-2025,Sunday,Lunch,484,52.78,59.85,1407,2,95.34,0,Veg,9.7709,No,500,96.8,0,2,0.3422
08-06-2025,Sunday,Dinner,389,32.79,39.93,1060,1,26.44,28.33,Mixed,12.3053,No,500,77.8,1,2,9.7709
09-06-2025,Monday,Lunch,402,31.91,37.68,1193,1,56.55,31.19,Mixed,14.6297,No,500,80.4,1,2,12.3053
09-06-2025,Monday,Dinner,562,58.73,56.87,1395,1,54.49,57.73,Mixed,35.9574,No,500,112.4,1,2,14.6297
10-06-2025,Tuesday,Lunch,439,53.59,56.16,1311,1,42.06,34.58,Mixed,32.9498,No,500,87.8,1,2,35.9574
10-06-2025,Tuesday,Dinner,544,50.92,54.1,1339,1,44.27,0,Veg,0,No,500,108.8,0,1,32.9498
11-06-2025,Wednesday,Lunch,497,57.55,60.35,1606,3,174.82,0,Veg,12.2781,No,500,99.4,0,3,0
11-06-2025,Wednesday,Dinner,431,42.06,53.78,1437,1,46.67,0,Veg,6.1672,No,500,86.2,0,1,12.2781
12-06-2025,Thursday,Lunch,478,64.7,56.74,1589,3,182.02,0,Veg,19.856,No,500,95.6,0,3,6.1672
12-06-2025,Thursday,Dinner,481,53.5,53.76,1393,1,54.09,0,Veg,5.0384,No,500,96.2,0,1,19.856
13-06-2025,Friday,Lunch,529,50.04,56.34,1297,1,112.47,0,Veg,0,No,500,105.8,0,1,5.0384
13-06-2025,Friday,Dinner,536,58.97,54.09,1450,1,50.33,0,Veg,4.272,No,500,107.2,0,1,0
14-06-2025,Saturday,Lunch,555,54.9,63.48,1487,2,176.56,0,Veg,2.1689,No,500,111,0,2,4.272
14-06-2025,Saturday,Dinner,492,46.64,54.67,1284,1,49.89,0,Veg,0.3185,No,500,98.4,0,1,2.1689
15-06-2025,Sunday,Lunch,518,50.68,49.55,1318,2,110.49,0,Veg,0,No,500,103.6,0,2,0.3185
15-06-2025,Sunday,Dinner,448,49.46,59.89,1289,1,49.9,0,Veg,14.1415,No,500,89.6,0,1,0
16-06-2025,Monday,Lunch,374,29.94,36.88,1005,1,60.37,30.49,Mixed,15.0832,No,500,74.8,1,2,14.1415
16-06-2025,Monday,Dinner,508,52.3,54.27,1349,1,54.66,0,Veg,0.4594,No,500,101.6,0,1,15.0832
17-06-2025,Tuesday,Lunch,540,49.89,51.38,1343,1,38.18,43.42,Mixed,21.1749,No,500,108,1,2,0.4594
17-06-2025,Tuesday,Dinner,445,43.83,45.06,1281,1,43.27,0,Veg,0,No,500,89,0,1,21.1749
18-06-2025,Wednesday,Lunch,529,50.47,51.97,1527,1,42.42,49.27,Mixed,27.478,No,500,105.8,1,2,0
18-06-2025,Wednesday,Dinner,466,44.26,52.55,1324,1,43.4,0,Veg,1.0708,No,500,93.2,0,1,27.478
19-06-2025,Thursday,Lunch,497,46.92,55.86,1374,1,42.76,40.04,Mixed,20.5224,No,500,99.4,1,2,1.0708
19-06-2025,Thursday,Dinner,427,49.73,54.28,1513,1,38.19,37.51,Mixed,33.1843,No,500,85.4,1,2,20.5224
20-06-2025,Friday,Lunch,464,47.58,54.75,1494,1,41.03,35.31,Mixed,19.9169,No,500,92.8,1,2,33.1843
20-06-2025,Friday,Dinner,567,54.19,55.53,1453,1,63.25,59.79,Mixed,36.4326,No,500,113.4,1,2,19.9169
21-06-2025,Saturday,Lunch,463,53.05,51.31,1446,1,39.85,36.56,Mixed,23.4506,No,500,92.6,1,2,36.4326
21-06-2025,Saturday,Dinner,413,30.53,36.16,1068,1,23.61,32.71,Mixed,15.6966,No,500,82.6,1,2,23.4506
22-06-2025,Sunday,Lunch,510,58.88,60.35,1603,1,38.53,41.79,Mixed,31.6261,No,500,102,1,2,15.6966
22-06-2025,Sunday,Dinner,455,50.35,54.02,1324,1,48.67,0,Veg,7.6739,No,500,91,0,1,31.6261
23-06-2025,Monday,Lunch,485,65.34,60.85,1657,2,170.78,0,Veg,23.1183,No,500,97,0,2,7.6739
23-06-2025,Monday,Dinner,413,27.87,36.82,1143,1,24.95,31.12,Mixed,14.1066,No,500,82.6,1,2,23.1183
24-06-2025,Tuesday,Lunch,541,56.27,57.3,1493,1,36.67,44.1,Mixed,22.8755,No,500,108.2,1,2,14.1066
24-06-2025,Tuesday,Dinner,454,51.99,53.5,1310,1,49.67,0,Veg,9.0064,No,500,90.8,0,1,22.8755
25-06-2025,Wednesday,Lunch,554,58.59,54.84,1434,1,43.32,46.54,Mixed,25.7733,No,500,110.8,1,2,9.0064
25-06-2025,Wednesday,Dinner,433,42.54,45,1445,1,49.72,0,Veg,0,No,500,86.6,0,1,25.7733
26-06-2025,Thursday,Lunch,523,57.03,61.17,1510,3,180.95,0,Veg,7.0526,No,500,104.6,0,3,0
26-06-2025,Thursday,Dinner,367,31.53,36.11,1177,1,25.96,28.2,Mixed,13.0816,No,500,73.4,1,2,7.0526
27-06-2025,Friday,Lunch,446,48.25,55.18,1494,1,47.57,36.47,Mixed,26.7438,No,500,89.2,1,2,13.0816
27-06-2025,Friday,Dinner,544,54.88,55.31,1540,1,45.46,0,Veg,0,No,500,108.8,0,1,26.7438
28-06-2025,Saturday,Lunch,488,59.64,53.83,1606,1,38.12,48.18,Mixed,37.9174,No,500,97.6,1,2,0
28-06-2025,Saturday,Dinner,455,46.68,50.12,1503,1,48.47,0,Veg,0.248,No,500,91,0,1,37.9174
29-06-2025,Sunday,Lunch,380,30.06,39.06,1050,1,60.49,35.74,Mixed,20.086,No,500,76,1,2,0.248
29-06-2025,Sunday,Dinner,431,28.65,41.46,1173,1,26.14,29.37,Mixed,11.6151,No,500,86.2,1,2,20.086
30-06-2025,Monday,Lunch,415,49.32,47.48,1404,1,80.86,0,Veg,8.6047,No,500,83,0,1,11.6151
30-06-2025,Monday,Dinner,516,52.6,57.07,1283,1,42.31,36.44,Mixed,15.2508,No,500,103.2,1,2,8.6047
01-07-2025,Tuesday,Lunch,560,55.65,53,1334,1,36.33,49.39,Mixed,26.321,No,500,112,1,2,15.2508
01-07-2025,Tuesday,Dinner,461,56.15,59.6,1451,1,51.51,0,Veg,17.7788,No,500,92.2,0,1,26.321
02-07-2025,Wednesday,Lunch,489,63.34,55.76,1579,3,154.43,0,Veg,15.1783,No,500,97.8,0,3,17.7788
02-07-2025,Wednesday,Dinner,470,53.37,57.62,1403,1,47.71,0,Veg,11.1061,No,500,94,0,1,15.1783
03-07-2025,Thursday,Lunch,480,46.37,54.88,1468,2,99.25,0,Veg,1.8542,No,500,96,0,2,11.1061
03-07-2025,Thursday,Dinner,487,47.02,54.25,1480,1,44.81,0,Veg,0.4509,No,500,97.4,0,1,1.8542
04-07-2025,Friday,Lunch,497,55.26,53.06,1403,1,44.73,40.36,Mixed,24.4282,No,500,99.4,1,2,0.4509
04-07-2025,Friday,Dinner,411,31.22,37.59,1042,1,26.51,28.19,Mixed,11.259,No,500,82.2,1,2,24.4282
05-07-2025,Saturday,Lunch,445,45.12,53.47,1342,1,43.92,39.37,Mixed,25.349,No,500,89,1,2,11.259
05-07-2025,Saturday,Dinner,438,49.69,57.17,1299,1,41.34,39.9,Mixed,35.6335,No,500,87.6,1,2,25.349
06-07-2025,Sunday,Lunch,383,30.7,42.11,1060,1,54.07,32.38,Mixed,16.6024,Yes,500,76.6,1,2,35.6335
06-07-2025,Sunday,Dinner,546,49.57,52.95,1514,1,54.77,0,Veg,0,Yes,500,109.2,0,1,16.6024
07-07-2025,Monday,Lunch,472,56.28,54.05,1488,1,42.99,37.44,Mixed,28.0172,No,500,94.4,1,2,0
07-07-2025,Monday,Dinner,395,27.87,38.65,1018,1,26.42,27.03,Mixed,10.7581,No,500,79,1,2,28.0172
08-07-2025,Tuesday,Lunch,490,50.36,53.62,1304,1,102.3,0,Veg,0.3563,No,500,98,0,1,10.7581
08-07-2025,Tuesday,Dinner,454,45.14,48.62,1448,1,38.14,34.02,Mixed,15.3176,No,500,90.8,1,2,0.3563
09-07-2025,Wednesday,Lunch,479,60.19,57.59,1400,1,37.27,41.7,Mixed,37.9512,No,500,95.8,1,2,15.3176
09-07-2025,Wednesday,Dinner,542,55.08,52.25,1537,1,48.99,0,Veg,0,No,500,108.4,0,1,37.9512
10-07-2025,Thursday,Lunch,544,60.09,59.12,1588,1,40.56,45.43,Mixed,27.5958,No,500,108.8,1,2,0
10-07-2025,Thursday,Dinner,506,51.62,50.03,1404,1,53.06,0,Veg,0,No,500,101.2,0,1,27.5958
11-07-2025,Friday,Lunch,376,30.4,37.12,1073,1,53.3,34.29,Mixed,18.8008,No,500,75.2,1,2,0
11-07-2025,Friday,Dinner,372,27.61,41.36,1033,1,25.03,31.14,Mixed,16.0806,No,500,74.4,1,2,18.8008
12-07-2025,Saturday,Lunch,475,48.77,56.79,1410,1,95.01,0,Veg,4.6135,No,500,95,0,1,16.0806
12-07-2025,Saturday,Dinner,423,31.69,38.36,1131,1,23.25,29.94,Mixed,12.5147,No,500,84.6,1,2,4.6135
13-07-2025,Sunday,Lunch,557,55.76,55.43,1591,1,43.72,45.93,Mixed,22.9846,No,500,111.4,1,2,12.5147
13-07-2025,Sunday,Dinner,381,30.38,37.02,1069,1,23.07,27.86,Mixed,12.1648,No,500,76.2,1,2,22.9846
14-07-2025,Monday,Lunch,547,65.25,61.86,1450,3,186.77,0,Veg,10.8622,No,500,109.4,0,3,12.1648
14-07-2025,Monday,Dinner,540,55.03,49.5,1375,1,50.95,0,Veg,0,No,500,108,0,1,10.8622
15-07-2025,Tuesday,Lunch,489,41.98,53.72,1464,2,68.2,0,Veg,0,No,500,97.8,0,2,0
15-07-2025,Tuesday,Dinner,558,54.37,58.11,1499,1,56.92,0,Veg,0,No,500,111.6,0,1,0
16-07-2025,Wednesday,Lunch,448,48.13,54.65,1293,1,104.94,0,Veg,7.5715,No,500,89.6,0,1,0
16-07-2025,Wednesday,Dinner,470,52.45,57.81,1385,1,38.47,39.92,Mixed,30.9346,No,500,94,1,2,7.5715
17-07-2025,Thursday,Lunch,565,62.15,56.76,1364,2,156.14,0,Veg,4.4926,No,500,113,0,2,30.9346
17-07-2025,Thursday,Dinner,526,49.33,50.52,1300,1,47.66,0,Veg,0,No,500,105.2,0,1,4.4926
18-07-2025,Friday,Lunch,433,46.42,50.1,1298,2,69.96,0,Veg,4.4993,No,500,86.6,0,2,0
18-07-2025,Friday,Dinner,468,54.48,54.05,1442,1,54.74,0,Veg,9.0712,No,500,93.6,0,1,4.4993
19-07-2025,Saturday,Lunch,538,54.28,58.93,1462,2,155.94,0,Veg,0,No,500,107.6,0,2,9.0712
19-07-2025,Saturday,Dinner,538,49.69,55.56,1328,1,44.63,0,Veg,0,No,500,107.6,0,1,0
20-07-2025,Sunday,Lunch,474,47.88,52.68,1322,1,43.86,40.22,Mixed,21.0107,No,500,94.8,1,2,0
20-07-2025,Sunday,Dinner,365,31.08,39.83,1025,1,27.07,29.73,Mixed,14.6939,No,500,73,1,2,21.0107
21-07-2025,Monday,Lunch,365,29.49,43.15,1116,1,61.42,33.69,Mixed,21.4822,No,500,73,1,2,14.6939
21-07-2025,Monday,Dinner,463,53.56,58.34,1341,1,51.76,0,Veg,13.5038,No,500,92.6,0,1,21.4822
22-07-2025,Tuesday,Lunch,569,63.88,64.87,1552,3,168.36,0,Veg,7.8268,No,500,113.8,0,3,13.5038
22-07-2025,Tuesday,Dinner,457,52.96,55.55,1505,1,52.16,0,Veg,11.3889,No,500,91.4,0,1,7.8268
23-07-2025,Wednesday,Lunch,471,50.12,54.42,1470,1,39.25,42.18,Mixed,27.2209,No,500,94.2,1,2,11.3889
23-07-2025,Wednesday,Dinner,540,58.56,58.31,1524,1,57.24,0,Veg,3.4538,No,500,108,0,1,27.2209
24-07-2025,Thursday,Lunch,479,48.43,51.54,1567,1,97.69,0,Veg,0,No,500,95.8,0,1,3.4538
24-07-2025,Thursday,Dinner,366,28.27,41.66,1069,1,25.01,27.57,Mixed,13.7206,No,500,73.2,1,2,0
25-07-2025,Friday,Lunch,441,47.69,47.77,1443,2,78.74,0,Veg,2.6866,No,500,88.2,0,2,13.7206
25-07-2025,Friday,Dinner,555,59.66,56.45,1618,1,49.53,0,Veg,3.0231,No,500,111,0,1,2.6866
26-07-2025,Saturday,Lunch,482,55.62,57,1658,2,158.43,0,Veg,10.1859,No,500,96.4,0,2,3.0231
26-07-2025,Saturday,Dinner,527,47.93,59.56,1336,1,43.57,0,Veg,1.3421,No,500,105.4,0,1,10.1859
27-07-2025,Sunday,Lunch,532,52.01,53.44,1387,2,105.66,0,Veg,0,No,500,106.4,0,2,1.3421
27-07-2025,Sunday,Dinner,493,42.48,51.47,1323,1,45.37,0,Veg,0,No,500,98.6,0,1,0
28-07-2025,Monday,Lunch,489,63.4,55.5,1423,2,156.06,0,Veg,14.9783,No,500,97.8,0,2,0
28-07-2025,Monday,Dinner,532,53.53,52.24,1304,1,53.76,0,Veg,0,No,500,106.4,0,1,14.9783
29-07-2025,Tuesday,Lunch,453,51.81,55.43,1464,2,100.82,0,Veg,10.969,No,500,90.6,0,2,0
29-07-2025,Tuesday,Dinner,463,50.97,59.22,1586,1,53.98,0,Veg,11.7938,No,500,92.6,0,1,10.969
30-07-2025,Wednesday,Lunch,524,56.24,50.17,1449,1,43.04,36.02,Mixed,17.2006,No,500,104.8,1,2,11.7938
30-07-2025,Wednesday,Dinner,412,46.28,52.55,1372,1,47.93,0,Veg,11.2722,No,500,82.4,0,1,17.2006
31-07-2025,Thursday,Lunch,396,29.91,38.2,1152,1,59.65,29.8,Mixed,13.4869,No,500,79.2,1,2,11.2722
31-07-2025,Thursday,Dinner,507,47.15,49.54,1290,1,54.49,0,Veg,0,No,500,101.4,0,1,13.4869
01-08-2025,Friday,Lunch,540,54.78,59.93,1530,2,185.89,0,Veg,0.276,No,500,108,0,2,0
01-08-2025,Friday,Dinner,482,60.48,59.18,1560,1,63.86,57.3,Mixed,54.6701,No,500,96.4,1,2,0.276
02-08-2025,Saturday,Lunch,463,45.53,50.55,1285,2,67.92,0,Veg,0,No,500,92.6,0,2,54.6701
02-08-2025,Saturday,Dinner,424,47.73,52.11,1400,1,42.6,0,Veg,9.732,No,500,84.8,0,1,0
03-08-2025,Sunday,Lunch,518,62.09,63.33,1609,3,185.64,0,Veg,15.3352,No,500,103.6,0,3,9.732
03-08-2025,Sunday,Dinner,481,53.84,52.31,1289,1,54.44,0,Veg,4.7547,No,500,96.2,0,1,15.3352
04-08-2025,Monday,Lunch,475,52.49,59.22,1593,1,43.28,40.96,Mixed,32.1561,No,500,95,1,2,4.7547
04-08-2025,Monday,Dinner,488,48.33,55.89,1277,1,37.23,40.74,Mixed,22.6174,No,500,97.6,1,2,32.1561
05-08-2025,Tuesday,Lunch,508,52.98,59.58,1333,2,110.46,0,Veg,4.6004,No,500,101.6,0,2,22.6174
05-08-2025,Tuesday,Dinner,528,64.04,64.78,1439,1,57.8,65.04,Mixed,59.8993,No,500,105.6,1,2,4.6004
06-08-2025,Wednesday,Lunch,363,29.96,43.06,1178,1,55.73,32.66,Mixed,20.6656,No,500,72.6,1,2,59.8993
06-08-2025,Wednesday,Dinner,421,30.2,40.7,1061,1,26.28,27.33,Mixed,9.987,No,500,84.2,1,2,20.6656
07-08-2025,Thursday,Lunch,480,47.52,48.11,1329,1,43.26,34.34,Mixed,14.5666,No,500,96,1,2,9.987
07-08-2025,Thursday,Dinner,532,53.29,59.2,1402,1,50.02,0,Veg,0.4297,No,500,106.4,0,1,14.5666
08-08-2025,Friday,Lunch,511,55.58,50.64,1549,1,40.64,42.34,Mixed,24.7228,No,500,102.2,1,2,0.4297
08-08-2025,Friday,Dinner,370,29.49,42.73,1209,1,23.7,30.84,Mixed,17.4539,No,500,74,1,2,24.7228
09-08-2025,Saturday,Lunch,458,51.38,55.95,1433,1,39.8,40.3,Mixed,31.4292,Yes,500,91.6,1,2,17.4539
09-08-2025,Saturday,Dinner,488,55.99,60.26,1406,1,59.75,0,Veg,12.5408,Yes,500,97.6,0,1,31.4292
10-08-2025,Sunday,Lunch,436,45.02,45.35,1283,2,73.31,0,Veg,0.5269,No,500,87.2,0,2,12.5408
10-08-2025,Sunday,Dinner,382,30.45,41.63,1087,1,25.48,28.63,Mixed,12.8936,No,500,76.4,1,2,0.5269
11-08-2025,Monday,Lunch,529,52.57,57.43,1480,1,38.74,44.47,Mixed,22.678,No,500,105.8,1,2,12.8936
11-08-2025,Monday,Dinner,486,56.27,53.73,1406,1,53.02,0,Veg,6.7158,No,500,97.2,0,1,22.678
12-08-2025,Tuesday,Lunch,481,55.25,58.62,1468,1,45.5,37.2,Mixed,29.0338,No,500,96.2,1,2,6.7158
12-08-2025,Tuesday,Dinner,497,52.57,60.44,1408,1,44.83,0,Veg,7.3881,No,500,99.4,0,1,29.0338
13-08-2025,Wednesday,Lunch,514,59.04,59.28,1605,2,162.1,0,Veg,9.0853,No,500,102.8,0,2,7.3881
13-08-2025,Wednesday,Dinner,411,45.75,51.14,1409,1,42.58,0,Veg,9.5447,No,500,82.2,0,1,9.0853
14-08-2025,Thursday,Lunch,552,55.04,65,1608,3,175.31,0,Veg,4.0203,No,500,110.4,0,3,9.5447
14-08-2025,Thursday,Dinner,480,50.1,48.37,1521,1,35.98,38.74,Mixed,20.0833,No,500,96,1,2,4.0203
15-08-2025,Friday,Lunch,434,47.6,52.46,1234,2,73.66,0,Veg,7.8268,Yes,500,86.8,0,2,20.0833
15-08-2025,Friday,Dinner,506,49.68,51,1411,1,47.31,0,Veg,0,Yes,500,101.2,0,1,7.8268
16-08-2025,Saturday,Lunch,474,56.13,55.07,1296,1,114.83,0,Veg,10.4661,Yes,500,94.8,0,1,0
16-08-2025,Saturday,Dinner,487,47.94,58.2,1542,1,48.04,0,Veg,4.4009,Yes,500,97.4,0,1,10.4661
17-08-2025,Sunday,Lunch,516,51.06,55.34,1504,1,45.64,36.56,Mixed,15.3036,No,500,103.2,1,2,4.4009
17-08-2025,Sunday,Dinner,426,52.07,51.7,1272,1,40.25,36.52,Mixed,32.208,No,500,85.2,1,2,15.3036
18-08-2025,Monday,Lunch,431,46.69,48.29,1442,1,79.16,0,Veg,3.3844,No,500,86.2,0,1,32.208
18-08-2025,Monday,Dinner,557,55.62,60.47,1489,1,58.28,60.66,Mixed,37.7146,No,500,111.4,1,2,3.3844
19-08-2025,Tuesday,Lunch,554,57.67,55.71,1421,3,158.34,0,Veg,1.1352,No,500,110.8,0,3,37.7146
19-08-2025,Tuesday,Dinner,539,51.98,50.94,1403,1,44.55,0,Veg,0,No,500,107.8,0,1,1.1352
20-08-2025,Wednesday,Lunch,499,64.13,61.64,1482,2,167.96,0,Veg,19.7231,No,500,99.8,0,2,0
20-08-2025,Wednesday,Dinner,512,52.96,50.43,1560,1,54.74,0,Veg,0.7112,No,500,102.4,0,1,19.7231
21-08-2025,Thursday,Lunch,468,46.99,51.93,1360,2,67.84,0,Veg,0.2298,No,500,93.6,0,2,0.7112
21-08-2025,Thursday,Dinner,431,44.78,49.7,1488,1,47,0,Veg,2.8844,No,500,86.2,0,1,0.2298
22-08-2025,Friday,Lunch,468,42.7,51.4,1366,1,73.16,0,Veg,0,No,500,93.6,0,1,2.8844
22-08-2025,Friday,Dinner,409,30.92,41.65,1075,1,25.77,28.8,Mixed,11.9514,No,500,81.8,1,2,0
23-08-2025,Saturday,Lunch,558,60.14,63.91,1462,2,159.91,0,Veg,5.4645,No,500,111.6,0,2,11.9514
23-08-2025,Saturday,Dinner,418,29.31,36.83,1165,1,25.2,30.12,Mixed,12.9006,No,500,83.6,1,2,5.4645
24-08-2025,Sunday,Lunch,466,48.83,50.05,1369,2,69.16,0,Veg,1.2754,No,500,93.2,0,2,12.9006
24-08-2025,Sunday,Dinner,427,30.85,41.56,1017,1,22.93,32.78,Mixed,15.1899,No,500,85.4,1,2,1.2754
25-08-2025,Monday,Lunch,504,46.88,49.38,1445,1,45.78,33.91,Mixed,13.1479,No,500,100.8,1,2,15.1899
25-08-2025,Monday,Dinner,445,53.53,52.49,1517,1,36.36,34.9,Mixed,28.0175,No,500,89,1,2,13.1479
26-08-2025,Tuesday,Lunch,495,50.11,52.52,1538,2,114.29,0,Veg,0,No,500,99,0,2,28.0175
26-08-2025,Tuesday,Dinner,524,54.76,53.78,1466,1,59.89,0,Veg,1.2866,No,500,104.8,0,1,0
27-08-2025,Wednesday,Lunch,491,50.44,49.93,1474,1,73.84,0,Veg,0.3342,Yes,500,98.2,0,1,1.2866
27-08-2025,Wednesday,Dinner,483,48.4,57.37,1567,1,47.82,0,Veg,4.0128,Yes,500,96.6,0,1,0.3342
28-08-2025,Thursday,Lunch,490,51.48,58.38,1374,1,48.96,42.74,Mixed,28.2804,No,500,98,1,2,4.0128
28-08-2025,Thursday,Dinner,515,54.5,54.78,1606,1,63.24,59.9,Mixed,40.6298,No,500,103,1,2,28.2804
29-08-2025,Friday,Lunch,390,32.25,38.15,994,1,52.48,31.38,Mixed,15.3141,No,500,78,1,2,40.6298
29-08-2025,Friday,Dinner,404,28.53,43.9,1049,1,23.21,27.22,Mixed,10.5774,No,500,80.8,1,2,15.3141
30-08-2025,Saturday,Lunch,517,47.87,51.48,1322,2,113.3,0,Veg,0,No,500,103.4,0,2,10.5774
30-08-2025,Saturday,Dinner,429,48.52,52.81,1322,1,48.38,0,Veg,10.1594,No,500,85.8,0,1,0
31-08-2025,Sunday,Lunch,486,55.24,65.67,1433,3,166.72,0,Veg,17.6258,No,500,97.2,0,3,10.1594
31-08-2025,Sunday,Dinner,434,45.99,52.56,1484,1,44.06,0,Veg,6.3168,No,500,86.8,0,1,17.6258
01-09-2025,Monday,Lunch,464,51.43,54.18,1436,1,45.8,36.48,Mixed,24.3669,No,500,92.8,1,2,6.3168
01-09-2025,Monday,Dinner,469,50.19,53.66,1466,1,43.35,0,Veg,4.1786,No,500,93.8,0,1,24.3669
02-09-2025,Tuesday,Lunch,449,53.87,55.75,1431,1,44.05,35.52,Mixed,31.2226,No,500,89.8,1,2,4.1786
02-09-2025,Tuesday,Dinner,505,55.16,58.19,1427,1,63.8,64.2,Mixed,49.4247,No,500,101,1,2,31.2226
03-09-2025,Wednesday,Lunch,417,48.35,46.79,1308,2,72.15,0,Veg,6.5196,No,500,83.4,0,2,49.4247
03-09-2025,Wednesday,Dinner,536,54.48,58.22,1331,1,54.19,0,Veg,0,No,500,107.2,0,1,6.5196
04-09-2025,Thursday,Lunch,512,55.57,58.61,1446,1,96.31,0,Veg,5.3703,No,500,102.4,0,1,0
04-09-2025,Thursday,Dinner,467,51.3,59.03,1442,1,59.22,0,Veg,11.0837,No,500,93.4,0,1,5.3703
05-09-2025,Friday,Lunch,448,52,58.1,1326,1,48.01,41.97,Mixed,38.4063,Yes,500,89.6,1,2,11.0837
05-09-2025,Friday,Dinner,580,62.99,61.52,1436,1,57.81,65.19,Mixed,45.099,Yes,500,116,1,2,38.4063
06-09-2025,Saturday,Lunch,505,55.02,50.97,1440,1,37.77,45.97,Mixed,28.6522,No,500,101,1,2,45.099
06-09-2025,Saturday,Dinner,440,45.69,49.27,1337,1,47.09,0,Veg,1.4517,No,500,88,0,1,28.6522
07-09-2025,Sunday,Lunch,489,55.69,61.22,1546,2,176.47,0,Veg,12.9883,No,500,97.8,0,2,1.4517
07-09-2025,Sunday,Dinner,492,46.81,52.72,1367,1,50.65,0,Veg,0,No,500,98.4,0,1,12.9883
08-09-2025,Monday,Lunch,539,52.23,52.46,1502,1,48.65,39.07,Mixed,16.8661,No,500,107.8,1,2,0
08-09-2025,Monday,Dinner,524,48.36,51.01,1550,1,54.9,0,Veg,0,No,500,104.8,0,1,16.8661
09-09-2025,Tuesday,Lunch,482,48.45,54.41,1277,1,69.86,0,Veg,1.1632,No,500,96.4,0,1,0
09-09-2025,Tuesday,Dinner,511,49.63,53.99,1338,1,38.69,38.03,Mixed,16.9795,No,500,102.2,1,2,1.1632
10-09-2025,Wednesday,Lunch,401,31.29,37.08,1164,1,53.17,33.98,Mixed,17.4609,No,500,80.2,1,2,16.9795
10-09-2025,Wednesday,Dinner,537,51.34,56.3,1387,1,54.14,0,Veg,0,No,500,107.4,0,1,17.4609
11-09-2025,Thursday,Lunch,360,32.96,43.13,1080,1,54.77,30.09,Mixed,18.6206,No,500,72,1,2,0
11-09-2025,Thursday,Dinner,522,59.91,63.7,1426,1,60.41,62.61,Mixed,53.7815,No,500,104.4,1,2,18.6206
12-09-2025,Friday,Lunch,475,52.85,58.92,1589,1,40.49,46.49,Mixed,37.7461,No,500,95,1,2,53.7815
12-09-2025,Friday,Dinner,482,48.16,47.08,1355,1,49.71,0,Veg,0,No,500,96.4,0,1,37.7461
13-09-2025,Saturday,Lunch,423,52.19,50.39,1313,1,39.89,34.89,Mixed,30.1492,No,500,84.6,1,2,0
13-09-2025,Saturday,Dinner,485,42.96,49.11,1328,1,42.16,0,Veg,0,No,500,97,0,1,30.1492
14-09-2025,Sunday,Lunch,491,54.1,61.69,1430,3,172.37,0,Veg,11.4432,No,500,98.2,0,3,0
14-09-2025,Sunday,Dinner,450,47.93,54.66,1549,1,43.7,0,Veg,6.9565,No,500,90,0,1,11.4432
15-09-2025,Monday,Lunch,413,44.21,46.99,1235,2,81.36,0,Veg,3.4297,No,500,82.6,0,2,6.9565
15-09-2025,Monday,Dinner,524,52.29,56.87,1466,1,56.33,0,Veg,0,No,500,104.8,0,1,3.4297
16-09-2025,Tuesday,Lunch,545,54.7,62.97,1623,2,183.56,0,Veg,2.7636,No,500,109,0,2,0
16-09-2025,Tuesday,Dinner,493,50.17,54.32,1376,1,46.64,0,Veg,0,No,500,98.6,0,1,2.7636
17-09-2025,Wednesday,Lunch,418,27.49,43.52,1186,1,57.61,33.12,Mixed,15.9006,No,500,83.6,1,2,0
17-09-2025,Wednesday,Dinner,488,43.09,53.11,1366,1,42.19,0,Veg,0,No,500,97.6,0,1,15.9006
18-09-2025,Thursday,Lunch,473,44.04,45.26,1350,1,78.07,0,Veg,0,No,500,94.6,0,1,0
18-09-2025,Thursday,Dinner,437,49.83,48.12,1362,1,37.1,37.42,Mixed,24.6528,No,500,87.4,1,2,0
19-09-2025,Friday,Lunch,511,46.97,54.72,1491,1,49.04,40.27,Mixed,19.2195,No,500,102.2,1,2,24.6528
19-09-2025,Friday,Dinner,424,45.87,53.66,1412,1,37.01,40.07,Mixed,32.0255,No,500,84.8,1,2,19.2195
20-09-2025,Saturday,Lunch,548,57.91,59.78,1554,2,186.23,0,Veg,1.9875,No,500,109.6,0,2,32.0255
20-09-2025,Saturday,Dinner,478,44.72,49.89,1264,1,42.08,0,Veg,0,No,500,95.6,0,1,1.9875
21-09-2025,Sunday,Lunch,405,29.42,40.36,1078,1,57.3,33,Mixed,16.3162,No,500,81,1,2,0
21-09-2025,Sunday,Dinner,470,52.14,58.46,1555,1,46.39,0,Veg,10.7161,No,500,94,0,1,16.3162
22-09-2025,Monday,Lunch,426,31.62,39.98,1148,1,60.94,29.78,Mixed,12.2311,Yes,500,85.2,1,2,10.7161
22-09-2025,Monday,Dinner,541,46.37,55.59,1300,1,46.7,0,Veg,0,Yes,500,108.2,0,1,12.2311
23-09-2025,Tuesday,Lunch,496,52.63,54.62,1459,1,45.95,41.6,Mixed,23.1814,No,500,99.2,1,2,0
23-09-2025,Tuesday,Dinner,442,54.87,53.75,1277,1,36.67,39.21,Mixed,35.6886,No,500,88.4,1,2,23.1814
24-09-2025,Wednesday,Lunch,511,54.19,49.56,1422,1,45.57,41.39,Mixed,22.3828,No,500,102.2,1,2,35.6886
24-09-2025,Wednesday,Dinner,502,53.88,55.09,1553,1,49.86,0,Veg,2.6517,No,500,100.4,0,1,22.3828
25-09-2025,Thursday,Lunch,538,46.46,53.98,1321,1,95.46,0,Veg,0,No,500,107.6,0,1,2.6517
25-09-2025,Thursday,Dinner,520,47.18,52.58,1549,1,47.74,0,Veg,0,No,500,104,0,1,0
26-09-2025,Friday,Lunch,512,48.54,58.05,1534,2,97.04,0,Veg,1.4891,No,500,102.4,0,2,0
26-09-2025,Friday,Dinner,499,54.38,53.5,1350,1,47.07,0,Veg,3.4578,No,500,99.8,0,1,1.4891
27-09-2025,Saturday,Lunch,502,54.82,55.25,1364,2,158.24,0,Veg,3.5917,No,500,100.4,0,2,3.4578
27-09-2025,Saturday,Dinner,511,55.51,55.16,1526,1,51.48,0,Veg,3.3633,No,500,102.2,0,1,3.5917
28-09-2025,Sunday,Lunch,432,44.34,53.81,1367,2,72.57,0,Veg,6.3418,No,500,86.4,0,2,3.3633
28-09-2025,Sunday,Dinner,515,63.66,55.04,1525,1,55.35,55.84,Mixed,45.7298,No,500,103,1,2,6.3418
29-09-2025,Monday,Lunch,539,58.01,50.82,1604,1,41.59,40.75,Mixed,21.552,No,500,107.8,1,2,45.7298
29-09-2025,Monday,Dinner,410,30.24,41.67,1085,1,25.05,31.54,Mixed,14.6502,No,500,82,1,2,21.552
30-09-2025,Tuesday,Lunch,521,54.76,51.3,1488,1,44.8,40.16,Mixed,20.2903,No,500,104.2,1,2,14.6502
30-09-2025,Tuesday,Dinner,434,47.36,52.61,1308,1,49.28,0,Veg,7.7368,No,500,86.8,0,1,20.2903
01-10-2025,Wednesday,Lunch,431,27.37,36.11,1191,1,51.69,34.71,Mixed,16.9551,No,500,86.2,1,2,7.7368
01-10-2025,Wednesday,Dinner,488,51.21,57.51,1532,1,59.37,0,Veg,5.0108,No,500,97.6,0,1,16.9551
02-10-2025,Thursday,Lunch,472,47.8,48.86,1295,1,39.13,40.69,Mixed,21.2461,Yes,500,94.4,1,2,5.0108
02-10-2025,Thursday,Dinner,493,49,47.74,1408,1,48.84,0,Veg,0,Yes,500,98.6,0,1,21.2461
03-10-2025,Friday,Lunch,515,50.87,52.28,1276,1,45,37.84,Mixed,16.6247,No,500,103,1,2,0
03-10-2025,Friday,Dinner,520,58.42,60.42,1503,1,56.22,60.68,Mixed,47.589,No,500,104,1,2,16.6247
04-10-2025,Saturday,Lunch,550,62.24,65.08,1412,2,173.53,0,Veg,10.4346,No,500,110,0,2,47.589
04-10-2025,Saturday,Dinner,498,46.76,57.46,1296,1,46.79,0,Veg,2.4457,No,500,99.6,0,1,10.4346
05-10-2025,Sunday,Lunch,512,53,56.28,1292,2,95.1,0,Veg,0.7512,No,500,102.4,0,2,2.4457
05-10-2025,Sunday,Dinner,542,50.11,55.65,1512,1,47.42,0,Veg,0,No,500,108.4,0,1,0.7512
06-10-2025,Monday,Lunch,384,27.1,43.69,1024,1,53.39,33.25,Mixed,18.7006,No,500,76.8,1,2,0
06-10-2025,Monday,Dinner,470,51.9,51.28,1399,1,51.57,0,Veg,3.9372,No,500,94,0,1,18.7006
07-10-2025,Tuesday,Lunch,463,56.07,56.34,1327,2,105.51,0,Veg,14.0138,No,500,92.6,0,2,3.9372
07-10-2025,Tuesday,Dinner,511,46.79,49.91,1328,1,46.03,0,Veg,0,No,500,102.2,0,1,14.0138
08-10-2025,Wednesday,Lunch,470,47.56,51.91,1546,1,49.42,41.81,Mixed,22.4485,No,500,94,1,2,0
08-10-2025,Wednesday,Dinner,393,31.38,42.84,1019,1,27.18,29.87,Mixed,13.6805,No,500,78.6,1,2,22.4485
09-10-2025,Thursday,Lunch,485,49.16,50.94,1404,1,75.98,0,Veg,0,No,500,97,0,1,13.6805
09-10-2025,Thursday,Dinner,432,30.47,38.66,1035,1,25.48,32.97,Mixed,15.1739,No,500,86.4,1,2,0
10-10-2025,Friday,Lunch,492,47.47,48.7,1418,1,43.58,39.79,Mixed,19.5222,No,500,98.4,1,2,15.1739
10-10-2025,Friday,Dinner,491,50.39,50.04,1458,1,46.84,0,Veg,0.2842,No,500,98.2,0,1,19.5222
11-10-2025,Saturday,Lunch,464,45.27,51.84,1367,1,73.94,0,Veg,0.5817,No,500,92.8,0,1,0.2842
11-10-2025,Saturday,Dinner,461,51.04,54.72,1327,1,45.63,0,Veg,7.7888,No,500,92.2,0,1,0.5817
12-10-2025,Sunday,Lunch,372,32.07,43.23,1133,1,52.94,32.91,Mixed,19.7206,No,500,74.4,1,2,7.7888
12-10-2025,Sunday,Dinner,538,61.01,59.04,1533,1,55.13,64.23,Mixed,48.1752,No,500,107.6,1,2,19.7206
13-10-2025,Monday,Lunch,470,51.76,54.49,1469,1,39.64,49.09,Mixed,36.0946,No,500,94,1,2,48.1752
13-10-2025,Monday,Dinner,374,30.91,43.02,1042,1,26.18,29.16,Mixed,15.4572,No,500,74.8,1,2,36.0946
14-10-2025,Tuesday,Lunch,462,48.42,48.59,1466,2,67.86,0,Veg,1.2736,No,500,92.4,0,2,15.4572
14-10-2025,Tuesday,Dinner,458,45.26,48.32,1486,1,41.9,38.65,Mixed,19.7828,No,500,91.6,1,2,1.2736
15-10-2025,Wednesday,Lunch,518,48.36,52.24,1396,1,44.62,37.02,Mixed,15.6812,No,500,103.6,1,2,19.7828
15-10-2025,Wednesday,Dinner,476,51.5,52.94,1521,1,54.03,0,Veg,3.281,No,500,95.2,0,1,15.6812
16-10-2025,Thursday,Lunch,490,51.58,56.18,1494,1,107.28,0,Veg,3.6258,No,500,98,0,1,3.281
16-10-2025,Thursday,Dinner,475,52.39,50.6,1383,1,52.77,0,Veg,3.917,No,500,95,0,1,3.6258
17-10-2025,Friday,Lunch,507,56.58,49.89,1459,1,37.69,40.98,Mixed,24.9358,No,500,101.4,1,2,3.917
17-10-2025,Friday,Dinner,504,55.27,55.53,1430,1,46.95,0,Veg,3.8376,No,500,100.8,0,1,24.9358
18-10-2025,Saturday,Lunch,541,51.94,57.12,1460,1,38.55,45.37,Mixed,23.0837,No,500,108.2,1,2,3.8376
18-10-2025,Saturday,Dinner,480,55.82,62.64,1573,1,64.07,55,Mixed,51.6775,No,500,96,1,2,23.0837
19-10-2025,Sunday,Lunch,555,54.54,57.92,1413,1,38.68,42.2,Mixed,19.337,No,500,111,1,2,51.6775
19-10-2025,Sunday,Dinner,501,59.11,56.98,1360,1,55.5,56.73,Mixed,45.7095,No,500,100.2,1,2,19.337
20-10-2025,Monday,Lunch,463,59.48,51.08,1361,1,36.32,48.46,Mixed,41.6184,Yes,500,92.6,1,2,45.7095
20-10-2025,Monday,Dinner,460,47.93,50.65,1506,1,44.61,0,Veg,0.9877,Yes,500,92,0,1,41.6184
21-10-2025,Tuesday,Lunch,475,47.08,57.79,1321,1,45,41.22,Mixed,26.9691,No,500,95,1,2,0.9877
21-10-2025,Tuesday,Dinner,449,56.35,55.32,1569,1,48.43,0,Veg,16.249,No,500,89.8,0,1,26.9691
22-10-2025,Wednesday,Lunch,470,50.55,51.36,1293,1,42.76,36.69,Mixed,19.9157,Yes,500,94,1,2,16.249
22-10-2025,Wednesday,Dinner,448,46.97,50.43,1435,1,42.38,38.27,Mixed,22.0063,Yes,500,89.6,1,2,19.9157
23-10-2025,Thursday,Lunch,469,50.03,51.21,1235,1,68.58,0,Veg,2.1693,Yes,500,93.8,0,1,22.0063
23-10-2025,Thursday,Dinner,442,54.14,52.18,1330,1,35.18,34.78,Mixed,28.9586,Yes,500,88.4,1,2,2.1693
24-10-2025,Friday,Lunch,494,56.92,58.95,1574,3,179.31,0,Veg,10.8857,No,500,98.8,0,3,28.9586
24-10-2025,Friday,Dinner,504,58.43,50.33,1478,1,58.32,0,Veg,6.9976,No,500,100.8,0,1,10.8857
25-10-2025,Saturday,Lunch,479,57.62,54.67,1528,3,158.74,0,Veg,10.4935,No,500,95.8,0,3,6.9976
25-10-2025,Saturday,Dinner,483,61.89,64.32,1654,1,65.73,54.74,Mixed,58.4064,No,500,96.6,1,2,10.4935
26-10-2025,Sunday,Lunch,502,52,53.08,1342,1,37.12,46.93,Mixed,27.022,No,500,100.4,1,2,58.4064
26-10-2025,Sunday,Dinner,425,29.49,43.92,1000,1,25.63,30.03,Mixed,12.5223,No,500,85,1,2,27.022
27-10-2025,Monday,Lunch,441,44.58,54.76,1424,1,72.71,0,Veg,6.0425,No,500,88.2,0,1,12.5223
27-10-2025,Monday,Dinner,522,63.67,63.4,1537,1,57.43,63.02,Mixed,57.6515,No,500,104.4,1,2,6.0425
28-10-2025,Tuesday,Lunch,362,30.02,38.07,1082,1,54.58,34.82,Mixed,19.9075,No,500,72.4,1,2,57.6515
28-10-2025,Tuesday,Dinner,432,30.47,42.12,1181,1,26.22,32.88,Mixed,15.0839,No,500,86.4,1,2,19.9075
29-10-2025,Wednesday,Lunch,387,31.17,39.89,1053,1,51.5,31.16,Mixed,15.2177,No,500,77.4,1,2,15.0839
29-10-2025,Wednesday,Dinner,430,48.42,47.97,1505,1,42.16,37.74,Mixed,25.0332,No,500,86,1,2,15.2177
30-10-2025,Thursday,Lunch,449,51.38,54.3,1371,1,39.83,36.88,Mixed,28.6426,No,500,89.8,1,2,25.0332
30-10-2025,Thursday,Dinner,422,28.81,38.68,1111,1,25.17,29.06,Mixed,11.6759,No,500,84.4,1,2,28.6426
31-10-2025,Friday,Lunch,469,50.63,53,1354,1,75.4,0,Veg,3.9586,No,500,93.8,0,1,11.6759
31-10-2025,Friday,Dinner,500,60.84,56.48,1456,1,60.23,62.21,Mixed,52.6732,No,500,100,1,2,3.9586
01-11-2025,Saturday,Lunch,478,50.76,51.69,1419,1,48.89,41.11,Mixed,23.3998,No,500,95.6,1,2,52.6732
01-11-2025,Saturday,Dinner,463,55.6,56.97,1324,1,52.71,0,Veg,14.1738,No,500,92.6,0,1,23.3998
02-11-2025,Sunday,Lunch,468,54.3,52.3,1308,1,44.62,36.91,Mixed,24.7721,No,500,93.6,1,2,14.1738
02-11-2025,Sunday,Dinner,525,47.45,57.57,1412,1,46.2,0,Veg,0,No,500,105,0,1,24.7721
03-11-2025,Monday,Lunch,498,53.9,55.25,1559,1,106.16,0,Veg,3.3156,No,500,99.6,0,1,0
03-11-2025,Monday,Dinner,521,56.22,54.68,1352,1,57.2,0,Veg,3.0528,No,500,104.2,0,1,3.3156
04-11-2025,Tuesday,Lunch,468,47.11,49.35,1381,1,77.07,0,Veg,0,No,500,93.6,0,1,3.0528
04-11-2025,Tuesday,Dinner,543,55.88,56.87,1570,1,49.53,0,Veg,0.4677,No,500,108.6,0,1,0
05-11-2025,Wednesday,Lunch,527,59.18,49.66,1507,1,43.73,44.21,Mixed,27.9009,Yes,500,105.4,1,2,0.4677
05-11-2025,Wednesday,Dinner,436,49.19,48.61,1255,1,39.94,36.17,Mixed,23.3509,Yes,500,87.2,1,2,27.9009
06-11-2025,Thursday,Lunch,390,28.71,40.43,1119,1,60.95,33.37,Mixed,17.3041,No,500,78,1,2,23.3509
06-11-2025,Thursday,Dinner,500,53.94,52.66,1481,1,42.26,36.21,Mixed,18.5285,No,500,100,1,2,17.3041
07-11-2025,Friday,Lunch,579,64.99,54.26,1625,2,181.62,0,Veg,5.904,No,500,115.8,0,2,18.5285
07-11-2025,Friday,Dinner,429,31.8,38.67,1195,1,25.98,32.38,Mixed,14.7075,No,500,85.8,1,2,5.904
08-11-2025,Saturday,Lunch,416,50.5,53.78,1303,2,76.09,0,Veg,15.8721,No,500,83.2,0,2,14.7075
08-11-2025,Saturday,Dinner,565,64.36,61.02,1481,1,55.26,61.96,Mixed,45.3877,No,500,113,1,2,15.8721
09-11-2025,Sunday,Lunch,484,50.8,50.51,1369,2,80.48,0,Veg,1.4086,No,500,96.8,0,2,45.3877
09-11-2025,Sunday,Dinner,499,51.06,49.15,1476,1,36.11,35.11,Mixed,14.6917,No,500,99.8,1,2,1.4086
10-11-2025,Monday,Lunch,405,42.92,47.43,1314,1,74.94,0,Veg,4.2799,No,500,81,0,1,14.6917
10-11-2025,Monday,Dinner,446,47.65,47.47,1283,1,46.02,0,Veg,2.1364,No,500,89.2,0,1,4.2799
11-11-2025,Tuesday,Lunch,498,50.79,54.94,1342,1,42.52,36.18,Mixed,15.6651,No,500,99.6,1,2,2.1364
11-11-2025,Tuesday,Dinner,472,60.37,59.88,1481,1,51.47,0,Veg,19.9411,No,500,94.4,0,1,15.6651
12-11-2025,Wednesday,Lunch,465,49.27,49.74,1360,2,109.91,0,Veg,1.8175,No,500,93,0,2,19.9411
12-11-2025,Wednesday,Dinner,477,53.8,53.07,1329,1,50.84,0,Veg,5.4985,No,500,95.4,0,1,1.8175
13-11-2025,Thursday,Lunch,519,59.04,65.32,1555,3,170.3,0,Veg,14.0627,No,500,103.8,0,3,5.4985
13-11-2025,Thursday,Dinner,455,47.99,56.5,1329,1,53.34,0,Veg,7.7939,No,500,91,0,1,14.0627
14-11-2025,Friday,Lunch,483,47.04,57.55,1432,2,109.33,0,Veg,4.1928,No,500,96.6,0,2,7.7939
14-11-2025,Friday,Dinner,471,50.07,56.04,1548,1,57.67,0,Veg,6.0136,No,500,94.2,0,1,4.1928
15-11-2025,Saturday,Lunch,448,52.91,60.37,1355,1,44.77,37.51,Mixed,37.1263,No,500,89.6,1,2,6.0136
15-11-2025,Saturday,Dinner,445,50.03,48.79,1274,1,36.89,35.26,Mixed,21.5468,No,500,89,1,2,37.1263
16-11-2025,Sunday,Lunch,471,47.48,55.26,1487,1,46.09,38.81,Mixed,22.6357,No,500,94.2,1,2,21.5468
16-11-2025,Sunday,Dinner,484,54.65,49.93,1307,1,49.76,0,Veg,5.2586,No,500,96.8,0,1,22.6357
17-11-2025,Monday,Lunch,489,46.9,51.06,1383,1,48.74,36.38,Mixed,16.2358,No,500,97.8,1,2,5.2586
17-11-2025,Monday,Dinner,432,46.98,48.98,1270,1,36.53,36.4,Mixed,22.7558,No,500,86.4,1,2,16.2358
18-11-2025,Tuesday,Lunch,539,54.92,60.94,1656,3,169.5,0,Veg,1.3964,No,500,107.8,0,3,22.7558
18-11-2025,Tuesday,Dinner,504,55.22,57.07,1567,1,45.57,0,Veg,5.1805,No,500,100.8,0,1,1.3964
19-11-2025,Wednesday,Lunch,452,46.07,50.1,1237,2,74.04,0,Veg,0.1674,No,500,90.4,0,2,5.1805
19-11-2025,Wednesday,Dinner,501,54.5,51.92,1363,1,51.68,0,Veg,3.3737,No,500,100.2,0,1,0.1674
20-11-2025,Thursday,Lunch,522,54.9,64.33,1510,2,155.18,0,Veg,8.2951,No,500,104.4,0,2,3.3737
20-11-2025,Thursday,Dinner,514,47.63,58.73,1305,1,48.69,0,Veg,1.9482,No,500,102.8,0,1,8.2951
21-11-2025,Friday,Lunch,529,54.98,55.09,1398,1,44.99,39.08,Mixed,18.2844,No,500,105.8,1,2,1.9482
21-11-2025,Friday,Dinner,556,50.65,53.35,1497,1,59.83,0,Veg,0,No,500,111.2,0,1,18.2844
22-11-2025,Saturday,Lunch,452,46.83,48.89,1287,2,77.48,0,Veg,0.7041,No,500,90.4,0,2,0
22-11-2025,Saturday,Dinner,465,50.61,54.43,1319,1,35.34,39.92,Mixed,26.9832,No,500,93,1,2,0.7041
23-11-2025,Sunday,Lunch,510,58.54,55.3,1556,1,36.68,46.68,Mixed,32.166,No,500,102,1,2,26.9832
23-11-2025,Sunday,Dinner,470,54.79,49.58,1267,1,36.85,38.42,Mixed,25.8857,No,500,94,1,2,32.166
24-11-2025,Monday,Lunch,405,48.42,52.76,1462,2,76.87,0,Veg,15.1099,No,500,81,0,2,25.8857
24-11-2025,Monday,Dinner,551,63.93,60.93,1477,1,55.42,62.63,Mixed,47.6938,No,500,110.2,1,2,15.1099
25-11-2025,Tuesday,Lunch,535,55.14,55.83,1452,1,101.96,0,Veg,0.5441,No,500,107,0,1,47.6938
25-11-2025,Tuesday,Dinner,553,51.77,51.34,1535,1,57.77,0,Veg,0,No,500,110.6,0,1,0.5441
26-11-2025,Wednesday,Lunch,421,43.61,51.97,1382,1,67.99,0,Veg,6.1096,No,500,84.2,0,1,0
26-11-2025,Wednesday,Dinner,467,58.74,58.88,1524,1,53.21,0,Veg,18.3737,No,500,93.4,0,1,6.1096
27-11-2025,Thursday,Lunch,497,50.91,50.99,1358,2,111.32,0,Veg,0.1919,No,500,99.4,0,2,18.3737
27-11-2025,Thursday,Dinner,475,54.15,55.89,1328,1,44.01,0,Veg,9.0935,No,500,95,0,1,0.1919
28-11-2025,Friday,Lunch,480,50.99,58.04,1498,1,46.81,41.46,Mixed,28.7075,No,500,96,1,2,9.0935
28-11-2025,Friday,Dinner,526,54.75,56.4,1526,1,60.32,0,Veg,1.0725,No,500,105.2,0,1,28.7075
29-11-2025,Saturday,Lunch,462,47.56,46.85,1414,1,73.87,0,Veg,0.4136,No,500,92.4,0,1,1.0725
29-11-2025,Saturday,Dinner,490,49.47,60.35,1309,1,50.02,0,Veg,6.2195,No,500,98,0,1,0.4136
30-11-2025,Sunday,Lunch,420,27.37,39.93,1065,1,62.14,33.28,Mixed,15.9782,No,500,84,1,2,6.2195
30-11-2025,Sunday,Dinner,463,46.41,55.9,1421,1,40.72,34.53,Mixed,20.2091,No,500,92.6,1,2,15.9782
01-12-2025,Monday,Lunch,461,56.22,57.06,1445,1,47.98,36.22,Mixed,32.5381,No,500,92.2,1,2,20.2091
01-12-2025,Monday,Dinner,363,30.12,37.13,1001,1,25.56,28.78,Mixed,13.8263,No,500,72.6,1,2,32.5381
02-12-2025,Tuesday,Lunch,545,59.37,56.76,1455,1,36.82,44.88,Mixed,26.1825,No,500,109,1,2,13.8263
02-12-2025,Tuesday,Dinner,448,49.42,58.12,1490,1,48.59,0,Veg,12.3315,No,500,89.6,0,1,26.1825
03-12-2025,Wednesday,Lunch,464,59.6,50.33,1581,1,41,46.36,Mixed,39.4952,No,500,92.8,1,2,12.3315
03-12-2025,Wednesday,Dinner,478,63.16,63.56,1534,1,65.98,55.11,Mixed,60.5549,No,500,95.6,1,2,39.4952
04-12-2025,Thursday,Lunch,405,31.61,38.58,1144,1,51.81,30.35,Mixed,13.6662,No,500,81,1,2,60.5549
04-12-2025,Thursday,Dinner,439,50.44,46.03,1300,1,44.6,0,Veg,5.6407,No,500,87.8,0,1,13.6662
05-12-2025,Friday,Lunch,476,46.74,49.95,1342,1,45.18,41.1,Mixed,21.4913,No,500,95.2,1,2,5.6407
05-12-2025,Friday,Dinner,474,42.65,54.12,1482,1,50.05,0,Veg,1.757,No,500,94.8,0,1,21.4913
06-12-2025,Saturday,Lunch,481,65.34,62.77,1378,2,186.59,0,Veg,25.8884,No,500,96.2,0,2,1.757
06-12-2025,Saturday,Dinner,497,57.42,62.1,1377,1,64.5,62.16,Mixed,55.5844,No,500,99.4,1,2,25.8884
07-12-2025,Sunday,Lunch,537,58.31,50.93,1332,1,36.54,42.28,Mixed,23.6685,No,500,107.4,1,2,55.5844
07-12-2025,Sunday,Dinner,538,48.36,59.74,1407,1,48.76,0,Veg,0.3069,No,500,107.6,0,1,23.6685
08-12-2025,Monday,Lunch,372,29.84,39.39,1171,1,56.52,33.07,Mixed,17.7456,No,500,74.4,1,2,0.3069
08-12-2025,Monday,Dinner,456,56.63,54.7,1299,1,45.17,0,Veg,14.4214,No,500,91.2,0,1,17.7456
09-12-2025,Tuesday,Lunch,479,54.21,56.06,1443,3,163.38,0,Veg,8.4735,No,500,95.8,0,3,14.4214
09-12-2025,Tuesday,Dinner,474,50.9,47.85,1453,1,50.6,0,Veg,2.529,No,500,94.8,0,1,8.4735
10-12-2025,Wednesday,Lunch,435,50.44,56.7,1430,1,42.33,39.54,Mixed,36.3146,No,500,87,1,2,2.529
10-12-2025,Wednesday,Dinner,478,60.3,64.17,1631,1,63.61,57.33,Mixed,60.5249,No,500,95.6,1,2,36.3146
11-12-2025,Thursday,Lunch,453,47.41,59.03,1525,2,113.72,0,Veg,10.169,No,500,90.6,0,2,60.5249
11-12-2025,Thursday,Dinner,565,55.19,59.61,1561,1,57.22,61.52,Mixed,38.245,No,500,113,1,2,10.169
12-12-2025,Friday,Lunch,363,30.88,37.48,1093,1,53.45,31.49,Mixed,16.5363,No,500,72.6,1,2,38.245
12-12-2025,Friday,Dinner,416,31.95,36.12,1094,1,24.94,31.95,Mixed,14.813,No,500,83.2,1,2,16.5363
13-12-2025,Saturday,Lunch,409,29.34,43.99,1131,1,55.5,34.01,Mixed,17.1614,No,500,81.8,1,2,14.813
13-12-2025,Saturday,Dinner,409,42.44,53.55,1328,1,50.35,0,Veg,9.0698,No,500,81.8,0,1,17.1614
14-12-2025,Sunday,Lunch,547,63.93,64.02,1585,3,181.51,0,Veg,11.7022,No,500,109.4,0,3,9.0698
14-12-2025,Sunday,Dinner,526,54.71,60.25,1467,1,49,0,Veg,3.1751,No,500,105.2,0,1,11.7022
15-12-2025,Monday,Lunch,487,54.09,55.58,1425,2,98.71,0,Veg,6.1733,No,500,97.4,0,2,3.1751
15-12-2025,Monday,Dinner,519,48.27,52.58,1406,1,46.02,0,Veg,0,No,500,103.8,0,1,6.1733
16-12-2025,Tuesday,Lunch,543,52.74,51.11,1332,1,41.6,44.94,Mixed,22.5713,No,500,108.6,1,2,0
16-12-2025,Tuesday,Dinner,500,59.17,54.91,1378,1,58.31,64.11,Mixed,51.6585,No,500,100,1,2,22.5713
17-12-2025,Wednesday,Lunch,454,46.7,55.76,1501,1,44.28,42.11,Mixed,29.3841,No,500,90.8,1,2,51.6585
17-12-2025,Wednesday,Dinner,538,51.64,57.43,1598,1,52.35,0,Veg,0,No,500,107.6,0,1,29.3841
18-12-2025,Thursday,Lunch,469,44.51,54.29,1319,1,80.37,0,Veg,2.4794,No,500,93.8,0,1,0
18-12-2025,Thursday,Dinner,465,48.16,55.69,1487,1,50.36,0,Veg,5.0287,No,500,93,0,1,2.4794
19-12-2025,Friday,Lunch,520,49.47,56.95,1421,1,48.19,38.34,Mixed,16.9188,No,500,104,1,2,5.0287
19-12-2025,Friday,Dinner,463,48.39,46.65,1398,1,45.8,0,Veg,1.1416,No,500,92.6,0,1,16.9188
20-12-2025,Saturday,Lunch,380,27.05,42.14,1126,1,55.85,29.66,Mixed,14.1673,No,500,76,1,2,1.1416
20-12-2025,Saturday,Dinner,488,50.78,55.98,1412,1,51.99,0,Veg,3.0508,No,500,97.6,0,1,14.1673
21-12-2025,Sunday,Lunch,544,50.48,53.06,1420,1,40.57,49.21,Mixed,26.8001,No,500,108.8,1,2,3.0508
21-12-2025,Sunday,Dinner,462,47.61,50.64,1303,1,42.02,34.8,Mixed,16.2317,No,500,92.4,1,2,26.8001
22-12-2025,Monday,Lunch,476,46.76,51.37,1490,1,78.95,0,Veg,0,No,500,95.2,0,1,16.2317
22-12-2025,Monday,Dinner,442,50.1,51.01,1333,1,50.39,0,Veg,7.1767,No,500,88.4,0,1,0
23-12-2025,Tuesday,Lunch,550,54.55,53.05,1350,1,38.38,47.57,Mixed,24.9129,No,500,110,1,2,7.1767
23-12-2025,Tuesday,Dinner,503,49.91,54.78,1256,1,36.93,37.97,Mixed,17.2491,No,500,100.6,1,2,24.9129
24-12-2025,Wednesday,Lunch,451,50,54.54,1362,2,115.17,0,Veg,8.694,No,500,90.2,0,2,17.2491
24-12-2025,Wednesday,Dinner,528,60.05,60.32,1374,1,64.64,60.43,Mixed,46.8393,No,500,105.6,1,2,8.694
25-12-2025,Thursday,Lunch,408,48.59,52.77,1368,1,72.11,0,Veg,14.6523,Yes,500,81.6,0,1,46.8393
25-12-2025,Thursday,Dinner,530,46.74,57.81,1369,1,48.56,0,Veg,0,Yes,500,106,0,1,14.6523
26-12-2025,Friday,Lunch,477,54.63,57.68,1514,3,186.94,0,Veg,10.9385,No,500,95.4,0,3,0
26-12-2025,Friday,Dinner,528,49.81,54.95,1405,1,52.3,0,Veg,0,No,500,105.6,0,1,10.9385
27-12-2025,Saturday,Lunch,464,55.19,50,1360,2,95.84,0,Veg,7.8395,Yes,500,92.8,0,2,0
27-12-2025,Saturday,Dinner,489,47.41,59.55,1316,1,42.89,0,Veg,5.53,Yes,500,97.8,0,1,7.8395
28-12-2025,Sunday,Lunch,492,47.05,54.27,1433,2,78.24,0,Veg,0,No,500,98.4,0,2,5.53
28-12-2025,Sunday,Dinner,510,50.09,53.22,1297,1,48.43,0,Veg,0,No,500,102,0,1,0
29-12-2025,Monday,Lunch,459,51.13,51.17,1360,2,110.6,0,Veg,4.7538,No,500,91.8,0,2,0
29-12-2025,Monday,Dinner,549,49.86,54.54,1570,1,60.29,0,Veg,0,No,500,109.8,0,1,4.7538
30-12-2025,Tuesday,Lunch,498,47.92,51.11,1345,1,46.26,37.15,Mixed,16.6351,No,500,99.6,1,2,0
30-12-2025,Tuesday,Dinner,437,32.81,43.68,1154,1,23.88,28.19,Mixed,10.1879,No,500,87.4,1,2,16.6351
31-12-2025,Wednesday,Lunch,471,55.03,54.63,1475,2,107.79,0,Veg,9.5636,No,500,94.2,0,2,10.1879
31-12-2025,Wednesday,Dinner,540,54.28,49.72,1484,1,50.05,0,Veg,0,No,500,108,0,1,9.5636
